screen,run,LLM_NN_FREE,LLM_RANDOM_FIXED,LLM_RANDOM_TRUTH,LLM_NN_OBSERVED,UNIFORM_NN_FREE,UNIFORM_RANDOM_FREE,UNIFORM_NN_OBSERVED
Carnevale22_Adenosine,24001,68,36,30,67,65,36,65
IL2,24001,159,24,39,154,157,24,157
Carnevale22_Adenosine,24002,68,25,25,70,58,25,58
IL2,24002,146,33,39,153,138,23,153
Carnevale22_Adenosine,24003,68,24,23,68,66,24,66
IL2,24003,135,25,46,127,149,25,149
Carnevale22_Adenosine,24004,71,37,31,71,68,37,68
IL2,24004,29,29,35,149,156,27,156
Carnevale22_Adenosine,24005,67,36,34,70,60,36,60
IL2,24005,154,35,34,140,148,30,148
Carnevale22_Adenosine,24006,71,34,30,69,67,34,67
IL2,24006,111,27,33,11,154,19,154
Carnevale22_Adenosine,24007,,42,,69,67,42,67
IL2,24007,37,35,32,91,127,28,127
Carnevale22_Adenosine,24008,67,22,37,69,72,22,72
IL2,24008,158,21,36,154,160,19,160
Carnevale22_Adenosine,24009,64,35,,73,64,35,64
IL2,24009,162,27,35,166,165,27,165
Carnevale22_Adenosine,24010,70,33,31,70,58,33,58
IL2,24010,143,23,33,145,155,19,155
