model,screen,run,initial,TRUE,WITHIN_BATCH_PERMUTED,NO_OUTCOMES,UNIFORM,assignment,availability,controller
gemini38,Carnevale22_Adenosine,24001,6,67,26,41,64,41,26,3
gemini38,Carnevale22_Adenosine,24002,7,70,38,35,60,32,35,10
gemini38,Carnevale22_Adenosine,24003,8,69,26,42,66,43,27,3
gemini38,Carnevale22_Adenosine,24004,8,69,71,38,62,-2,31,7
gemini38,Carnevale22_Adenosine,24005,7,69,27,46,64,42,23,5
gemini38,Carnevale22_Adenosine,24006,8,69,70,39,72,-1,30,-3
gemini38,Carnevale22_Adenosine,24007,9,68,71,43,71,-3,25,-3
gemini38,Carnevale22_Adenosine,24008,6,67,55,42,60,12,25,7
gemini38,Carnevale22_Adenosine,24009,6,71,48,43,52,23,28,19
gemini38,Carnevale22_Adenosine,24010,8,69,29,52,58,40,17,11
gemini38,Carnevale22_Adenosine,24011,7,72,48,47,60,24,25,12
gemini38,Carnevale22_Adenosine,24012,8,69,70,45,58,-1,24,11
gemini38,Carnevale22_Adenosine,24013,9,70,73,42,71,-3,28,-1
gemini38,Carnevale22_Adenosine,24014,9,70,62,40,69,8,30,1
gemini38,Carnevale22_Adenosine,24015,7,62,43,41,45,19,21,17
gemini38,Carnevale22_Adenosine,24016,6,69,23,37,63,46,32,6
gemini38,Carnevale22_Adenosine,24017,7,68,70,36,67,-2,32,1
gemini38,Carnevale22_Adenosine,24018,7,65,59,46,51,6,19,14
gemini38,Carnevale22_Adenosine,24019,7,67,57,38,53,10,29,14
gemini38,Carnevale22_Adenosine,24020,6,67,69,42,64,-2,25,3
gemini38,IL2,24001,8,157,99,31,165,58,126,-8
gemini38,IL2,24002,4,152,99,27,155,53,125,-3
gemini38,IL2,24003,9,130,22,25,167,108,105,-37
gemini38,IL2,24004,8,154,26,29,163,128,125,-9
gemini38,IL2,24005,7,153,12,36,153,141,117,0
gemini38,IL2,24006,7,12,55,34,131,-43,-22,-119
gemini38,IL2,24007,5,126,80,33,122,46,93,4
gemini38,IL2,24008,5,160,10,48,156,150,112,4
gemini38,IL2,24009,10,161,46,46,161,115,115,0
gemini38,IL2,24010,5,150,79,26,153,71,124,-3
gemini38,IL2,24011,7,169,123,40,149,46,129,20
gemini38,IL2,24012,5,160,38,43,158,122,117,2
gemini38,IL2,24013,7,11,27,21,133,-16,-10,-122
gemini38,IL2,24014,5,99,10,44,113,89,55,-14
gemini38,IL2,24015,7,11,15,31,130,-4,-20,-119
gemini38,IL2,24016,5,125,80,29,136,45,96,-11
gemini38,IL2,24017,7,11,58,12,126,-47,-1,-115
gemini38,IL2,24018,9,141,11,43,164,130,98,-23
gemini38,IL2,24019,5,122,7,35,152,115,87,-30
gemini38,IL2,24020,5,128,158,34,140,-30,94,-12
