selector,state,generator,screen,start,round,preview_minus_centres,preview_minus_association,preview_minus_uniform,preview_minus_geometry,preview_regret,centres_regret,changed_choice,preview_hits,centres_hits,association_hits,uniform_hits,geometry_hits,oracle
qwen25_7b,llama31_8b_Carnevale22_Adenosine_9001_1,llama31_8b,Carnevale22_Adenosine,9001,1,0,0,0,0,0,0,0,24,24,24,24,24,24
qwen25_7b,llama31_8b_Carnevale22_Adenosine_9001_3,llama31_8b,Carnevale22_Adenosine,9001,3,0,0,0,3,0,0,0,15,15,15,15,12,15
qwen25_7b,llama31_8b_Carnevale22_Adenosine_9002_1,llama31_8b,Carnevale22_Adenosine,9002,1,0,0,0,0,1,1,0,13,13,13,13,13,14
qwen25_7b,llama31_8b_Carnevale22_Adenosine_9002_3,llama31_8b,Carnevale22_Adenosine,9002,3,0,-2,0,0,2,2,0,13,13,15,13,13,15
qwen25_7b,llama31_8b_Carnevale22_Adenosine_9003_1,llama31_8b,Carnevale22_Adenosine,9003,1,0,1,0,0,0,0,0,14,14,13,14,14,14
qwen25_7b,llama31_8b_Carnevale22_Adenosine_9003_3,llama31_8b,Carnevale22_Adenosine,9003,3,0,0,0,0,0,0,1,15,15,15,15,15,15
qwen25_7b,llama31_8b_Carnevale22_Adenosine_9004_1,llama31_8b,Carnevale22_Adenosine,9004,1,8,8,8,0,0,8,1,19,11,11,11,19,19
qwen25_7b,llama31_8b_Carnevale22_Adenosine_9004_3,llama31_8b,Carnevale22_Adenosine,9004,3,0,0,0,-4,4,4,0,11,11,11,11,15,15
qwen25_7b,llama31_8b_Carnevale22_Adenosine_9005_1,llama31_8b,Carnevale22_Adenosine,9005,1,0,0,0,0,0,0,0,14,14,14,14,14,14
qwen25_7b,llama31_8b_Carnevale22_Adenosine_9005_3,llama31_8b,Carnevale22_Adenosine,9005,3,-1,-1,0,0,1,0,1,15,16,16,15,15,16
qwen25_7b,llama31_8b_IL2_9001_1,llama31_8b,IL2,9001,1,0,8,0,0,0,0,0,29,29,21,29,29,29
qwen25_7b,llama31_8b_IL2_9001_3,llama31_8b,IL2,9001,3,0,3,0,0,0,0,0,40,40,37,40,40,40
qwen25_7b,llama31_8b_IL2_9002_1,llama31_8b,IL2,9002,1,0,0,0,-11,11,11,0,38,38,38,38,49,49
qwen25_7b,llama31_8b_IL2_9002_3,llama31_8b,IL2,9002,3,0,7,7,0,0,0,0,36,36,29,29,36,36
qwen25_7b,llama31_8b_IL2_9003_1,llama31_8b,IL2,9003,1,0,-1,0,0,1,1,0,39,39,40,39,39,40
qwen25_7b,llama31_8b_IL2_9003_3,llama31_8b,IL2,9003,3,0,-3,0,0,3,3,0,43,43,46,43,43,46
qwen25_7b,llama31_8b_IL2_9004_1,llama31_8b,IL2,9004,1,9,9,9,0,0,9,1,47,38,38,38,47,47
qwen25_7b,llama31_8b_IL2_9004_3,llama31_8b,IL2,9004,3,0,18,0,0,0,0,0,46,46,28,46,46,46
qwen25_7b,llama31_8b_IL2_9005_1,llama31_8b,IL2,9005,1,0,28,0,0,0,0,0,49,49,21,49,49,49
qwen25_7b,llama31_8b_IL2_9005_3,llama31_8b,IL2,9005,3,7,7,0,0,0,7,1,37,30,30,37,37,37
qwen25_7b,qwen25_7b_Carnevale22_Adenosine_9001_1,qwen25_7b,Carnevale22_Adenosine,9001,1,0,3,3,0,0,0,0,21,21,18,18,21,21
qwen25_7b,qwen25_7b_Carnevale22_Adenosine_9001_3,qwen25_7b,Carnevale22_Adenosine,9001,3,0,-1,-1,0,1,1,0,13,13,14,14,13,14
qwen25_7b,qwen25_7b_Carnevale22_Adenosine_9002_1,qwen25_7b,Carnevale22_Adenosine,9002,1,0,0,0,0,0,0,0,4,4,4,4,4,4
qwen25_7b,qwen25_7b_Carnevale22_Adenosine_9002_3,qwen25_7b,Carnevale22_Adenosine,9002,3,0,0,0,0,0,0,0,8,8,8,8,8,8
qwen25_7b,qwen25_7b_Carnevale22_Adenosine_9003_1,qwen25_7b,Carnevale22_Adenosine,9003,1,0,1,0,0,0,0,0,19,19,18,19,19,19
qwen25_7b,qwen25_7b_Carnevale22_Adenosine_9003_3,qwen25_7b,Carnevale22_Adenosine,9003,3,0,0,0,0,2,2,0,9,9,9,9,9,11
qwen25_7b,qwen25_7b_Carnevale22_Adenosine_9004_1,qwen25_7b,Carnevale22_Adenosine,9004,1,0,11,11,0,0,0,0,24,24,13,13,24,24
qwen25_7b,qwen25_7b_Carnevale22_Adenosine_9004_3,qwen25_7b,Carnevale22_Adenosine,9004,3,0,0,0,0,0,0,1,11,11,11,11,11,11
qwen25_7b,qwen25_7b_Carnevale22_Adenosine_9005_1,qwen25_7b,Carnevale22_Adenosine,9005,1,0,-2,0,0,2,2,0,15,15,17,15,15,17
qwen25_7b,qwen25_7b_Carnevale22_Adenosine_9005_3,qwen25_7b,Carnevale22_Adenosine,9005,3,-2,-2,0,0,2,0,1,17,19,19,17,17,19
qwen25_7b,qwen25_7b_IL2_9001_1,qwen25_7b,IL2,9001,1,0,45,0,0,0,0,0,47,47,2,47,47,47
qwen25_7b,qwen25_7b_IL2_9001_3,qwen25_7b,IL2,9001,3,-6,0,0,0,6,0,1,37,43,37,37,37,43
qwen25_7b,qwen25_7b_IL2_9002_1,qwen25_7b,IL2,9002,1,0,32,0,0,0,0,0,43,43,11,43,43,43
qwen25_7b,qwen25_7b_IL2_9002_3,qwen25_7b,IL2,9002,3,0,0,3,0,0,0,0,39,39,39,36,39,39
qwen25_7b,qwen25_7b_IL2_9003_1,qwen25_7b,IL2,9003,1,2,2,0,0,0,2,1,45,43,43,45,45,45
qwen25_7b,qwen25_7b_IL2_9003_3,qwen25_7b,IL2,9003,3,0,21,0,0,0,0,0,44,44,23,44,44,44
qwen25_7b,qwen25_7b_IL2_9004_1,qwen25_7b,IL2,9004,1,0,0,0,0,0,0,0,49,49,49,49,49,49
qwen25_7b,qwen25_7b_IL2_9004_3,qwen25_7b,IL2,9004,3,0,10,0,0,0,0,0,37,37,27,37,37,37
qwen25_7b,qwen25_7b_IL2_9005_1,qwen25_7b,IL2,9005,1,22,22,0,0,0,22,1,41,19,19,41,41,41
qwen25_7b,qwen25_7b_IL2_9005_3,qwen25_7b,IL2,9005,3,0,19,0,0,0,0,0,43,43,24,43,43,43
gemini38,llama31_8b_Carnevale22_Adenosine_9001_1,llama31_8b,Carnevale22_Adenosine,9001,1,0,10,0,0,0,0,0,24,24,14,24,24,24
gemini38,llama31_8b_Carnevale22_Adenosine_9001_3,llama31_8b,Carnevale22_Adenosine,9001,3,0,0,0,3,0,0,0,15,15,15,15,12,15
gemini38,llama31_8b_Carnevale22_Adenosine_9002_1,llama31_8b,Carnevale22_Adenosine,9002,1,0,-1,0,0,1,1,0,13,13,14,13,13,14
gemini38,llama31_8b_Carnevale22_Adenosine_9002_3,llama31_8b,Carnevale22_Adenosine,9002,3,0,0,0,0,2,2,0,13,13,13,13,13,15
gemini38,llama31_8b_Carnevale22_Adenosine_9003_1,llama31_8b,Carnevale22_Adenosine,9003,1,0,1,0,0,0,0,0,14,14,13,14,14,14
gemini38,llama31_8b_Carnevale22_Adenosine_9003_3,llama31_8b,Carnevale22_Adenosine,9003,3,0,0,0,0,0,0,0,15,15,15,15,15,15
gemini38,llama31_8b_Carnevale22_Adenosine_9004_1,llama31_8b,Carnevale22_Adenosine,9004,1,8,8,8,0,0,8,1,19,11,11,11,19,19
gemini38,llama31_8b_Carnevale22_Adenosine_9004_3,llama31_8b,Carnevale22_Adenosine,9004,3,0,0,0,-4,4,4,0,11,11,11,11,15,15
gemini38,llama31_8b_Carnevale22_Adenosine_9005_1,llama31_8b,Carnevale22_Adenosine,9005,1,0,0,0,0,0,0,0,14,14,14,14,14,14
gemini38,llama31_8b_Carnevale22_Adenosine_9005_3,llama31_8b,Carnevale22_Adenosine,9005,3,0,0,0,0,1,1,0,15,15,15,15,15,16
gemini38,llama31_8b_IL2_9001_1,llama31_8b,IL2,9001,1,0,8,0,0,0,0,0,29,29,21,29,29,29
gemini38,llama31_8b_IL2_9001_3,llama31_8b,IL2,9001,3,0,0,0,0,0,0,0,40,40,40,40,40,40
gemini38,llama31_8b_IL2_9002_1,llama31_8b,IL2,9002,1,0,0,0,-11,11,11,0,38,38,38,38,49,49
gemini38,llama31_8b_IL2_9002_3,llama31_8b,IL2,9002,3,0,0,0,-7,7,7,0,29,29,29,29,36,36
gemini38,llama31_8b_IL2_9003_1,llama31_8b,IL2,9003,1,0,-1,0,0,1,1,0,39,39,40,39,39,40
gemini38,llama31_8b_IL2_9003_3,llama31_8b,IL2,9003,3,0,-3,0,0,3,3,0,43,43,46,43,43,46
gemini38,llama31_8b_IL2_9004_1,llama31_8b,IL2,9004,1,-9,0,0,-9,9,0,1,38,47,38,38,47,47
gemini38,llama31_8b_IL2_9004_3,llama31_8b,IL2,9004,3,0,18,0,0,0,0,0,46,46,28,46,46,46
gemini38,llama31_8b_IL2_9005_1,llama31_8b,IL2,9005,1,0,28,0,0,0,0,0,49,49,21,49,49,49
gemini38,llama31_8b_IL2_9005_3,llama31_8b,IL2,9005,3,0,7,0,0,0,0,0,37,37,30,37,37,37
gemini38,qwen25_7b_Carnevale22_Adenosine_9001_1,qwen25_7b,Carnevale22_Adenosine,9001,1,0,3,3,0,0,0,0,21,21,18,18,21,21
gemini38,qwen25_7b_Carnevale22_Adenosine_9001_3,qwen25_7b,Carnevale22_Adenosine,9001,3,0,0,0,1,0,0,0,14,14,14,14,13,14
gemini38,qwen25_7b_Carnevale22_Adenosine_9002_1,qwen25_7b,Carnevale22_Adenosine,9002,1,0,1,0,0,0,0,0,4,4,3,4,4,4
gemini38,qwen25_7b_Carnevale22_Adenosine_9002_3,qwen25_7b,Carnevale22_Adenosine,9002,3,0,1,0,0,0,0,0,8,8,7,8,8,8
gemini38,qwen25_7b_Carnevale22_Adenosine_9003_1,qwen25_7b,Carnevale22_Adenosine,9003,1,0,1,0,0,0,0,0,19,19,18,19,19,19
gemini38,qwen25_7b_Carnevale22_Adenosine_9003_3,qwen25_7b,Carnevale22_Adenosine,9003,3,0,0,0,0,2,2,0,9,9,9,9,9,11
gemini38,qwen25_7b_Carnevale22_Adenosine_9004_1,qwen25_7b,Carnevale22_Adenosine,9004,1,0,0,0,-11,11,11,0,13,13,13,13,24,24
gemini38,qwen25_7b_Carnevale22_Adenosine_9004_3,qwen25_7b,Carnevale22_Adenosine,9004,3,0,0,0,0,0,0,1,11,11,11,11,11,11
gemini38,qwen25_7b_Carnevale22_Adenosine_9005_1,qwen25_7b,Carnevale22_Adenosine,9005,1,0,0,0,0,2,2,0,15,15,15,15,15,17
gemini38,qwen25_7b_Carnevale22_Adenosine_9005_3,qwen25_7b,Carnevale22_Adenosine,9005,3,-2,-2,0,0,2,0,1,17,19,19,17,17,19
gemini38,qwen25_7b_IL2_9001_1,qwen25_7b,IL2,9001,1,0,45,0,0,0,0,0,47,47,2,47,47,47
gemini38,qwen25_7b_IL2_9001_3,qwen25_7b,IL2,9001,3,0,0,0,0,6,6,0,37,37,37,37,37,43
gemini38,qwen25_7b_IL2_9002_1,qwen25_7b,IL2,9002,1,0,32,0,0,0,0,0,43,43,11,43,43,43
gemini38,qwen25_7b_IL2_9002_3,qwen25_7b,IL2,9002,3,0,0,3,0,0,0,0,39,39,39,36,39,39
gemini38,qwen25_7b_IL2_9003_1,qwen25_7b,IL2,9003,1,0,2,0,0,0,0,0,45,45,43,45,45,45
gemini38,qwen25_7b_IL2_9003_3,qwen25_7b,IL2,9003,3,0,21,0,0,0,0,0,44,44,23,44,44,44
gemini38,qwen25_7b_IL2_9004_1,qwen25_7b,IL2,9004,1,0,0,0,0,0,0,0,49,49,49,49,49,49
gemini38,qwen25_7b_IL2_9004_3,qwen25_7b,IL2,9004,3,0,10,0,0,0,0,0,37,37,27,37,37,37
gemini38,qwen25_7b_IL2_9005_1,qwen25_7b,IL2,9005,1,0,0,0,0,0,0,0,41,41,41,41,41,41
gemini38,qwen25_7b_IL2_9005_3,qwen25_7b,IL2,9005,3,0,19,0,0,0,0,0,43,43,24,43,43,43
