model,screen,source,run,observed_hits,log_hits,eligible_n,remaining_n,neighbour_union_n,neighbour_union_fraction,neighbour_overlap,consumed_fraction,llm_hits,uniform_hits,delta
gemma3_4b,Carnevale22_Adenosine,Carnevale,5001,9,2.302585092994046,17136,17008,170,0.009995296331138288,0.27350427350427353,0.4700854700854701,5,7,-2
gemma3_4b,Carnevale22_Adenosine,Carnevale,5002,10,2.3978952727983707,17136,17008,183,0.010759642521166509,0.2961538461538461,0.16538461538461538,17,18,-1
gemma3_4b,Carnevale22_Adenosine,Carnevale,5003,14,2.70805020110221,17136,17008,276,0.016227657572906867,0.2417582417582418,0.2664835164835165,8,13,-5
gemma3_4b,Carnevale22_Adenosine,Carnevale,5004,10,2.3978952727983707,17136,17008,172,0.01011288805268109,0.3384615384615385,0.2,8,11,-3
gemma3_4b,Carnevale22_Adenosine,Carnevale,5005,15,2.772588722239781,17136,17008,190,0.011171213546566321,0.5128205128205128,0.2923076923076923,14,16,-2
gemma3_4b,Carnevale22_Adenosine,Carnevale,5006,10,2.3978952727983707,17136,17008,167,0.009818908748824082,0.35769230769230764,0.3153846153846154,8,13,-5
gemma3_4b,Carnevale22_Adenosine,Carnevale,5007,15,2.772588722239781,17136,17008,207,0.01217074317968015,0.46923076923076923,0.23846153846153847,14,14,0
gemma3_4b,Carnevale22_Adenosine,Carnevale,5008,11,2.4849066497880004,17136,17008,202,0.011876763875823142,0.29370629370629375,0.17132867132867133,11,12,-1
gemma3_4b,Carnevale22_Adenosine,Carnevale,5009,14,2.70805020110221,17136,17008,251,0.014757761053621825,0.31043956043956045,0.2967032967032967,10,9,1
gemma3_4b,Carnevale22_Adenosine,Carnevale,5010,6,1.9459101490553132,17136,17008,109,0.006408748824082784,0.3012820512820513,0.1282051282051282,25,16,9
gemma3_4b,Carnevale22_Adenosine,Carnevale,5011,9,2.302585092994046,17136,17008,150,0.008819379115710254,0.3589743589743589,0.42735042735042733,8,4,4
gemma3_4b,Carnevale22_Adenosine,Carnevale,5012,14,2.70805020110221,17136,17008,251,0.014757761053621825,0.31043956043956045,0.2967032967032967,9,15,-6
gemma3_4b,Carnevale22_Adenosine,Carnevale,5013,11,2.4849066497880004,17136,17008,206,0.012111947318908748,0.2797202797202797,0.3951048951048951,8,7,1
gemma3_4b,Carnevale22_Adenosine,Carnevale,5014,16,2.833213344056216,17136,17008,191,0.011230009407337723,0.5408653846153846,0.5288461538461539,13,16,-3
gemma3_4b,Carnevale22_Adenosine,Carnevale,5015,13,2.6390573296152584,17136,17008,264,0.015522107243650047,0.21893491124260356,0.3520710059171598,7,9,-2
gemma3_4b,Carnevale22_Adenosine,Carnevale,5016,16,2.833213344056216,17136,17008,250,0.014698965192850423,0.39903846153846156,0.3317307692307692,12,22,-10
gemma3_4b,Carnevale22_Adenosine,Carnevale,5017,12,2.5649493574615367,17136,17008,187,0.010994825964252117,0.40064102564102566,0.41025641025641024,8,8,0
gemma3_4b,Carnevale22_Adenosine,Carnevale,5018,13,2.6390573296152584,17136,17008,182,0.010700846660395108,0.46153846153846156,0.2603550295857988,10,10,0
gemma3_4b,Carnevale22_Adenosine,Carnevale,5019,12,2.5649493574615367,17136,17008,200,0.011759172154280339,0.3589743589743589,0.4166666666666667,13,12,1
gemma3_4b,Carnevale22_Adenosine,Carnevale,5020,10,2.3978952727983707,17136,17008,173,0.010171683913452493,0.33461538461538465,0.27692307692307694,10,17,-7
llama31_8b,Carnevale22_Adenosine,Carnevale,5001,15,2.772588722239781,17136,17008,163,0.009583725305738476,0.582051282051282,0.31025641025641026,18,15,3
llama31_8b,Carnevale22_Adenosine,Carnevale,5002,13,2.6390573296152584,17136,17008,219,0.012876293508936971,0.3520710059171598,0.1863905325443787,10,16,-6
llama31_8b,Carnevale22_Adenosine,Carnevale,5003,14,2.70805020110221,17136,17008,189,0.01111241768579492,0.4807692307692307,0.23626373626373626,14,12,2
llama31_8b,Carnevale22_Adenosine,Carnevale,5004,17,2.8903717578961645,17136,17008,161,0.009466133584195673,0.6357466063348416,0.4751131221719457,17,8,9
llama31_8b,Carnevale22_Adenosine,Carnevale,5005,15,2.772588722239781,17136,17008,234,0.013758231420507996,0.4,0.32564102564102565,18,18,0
llama31_8b,Carnevale22_Adenosine,Carnevale,5006,12,2.5649493574615367,17136,17008,164,0.009642521166509878,0.47435897435897434,0.34294871794871795,21,15,6
llama31_8b,Carnevale22_Adenosine,Carnevale,5007,15,2.772588722239781,17136,17008,145,0.008525399811853246,0.6282051282051282,0.382051282051282,12,13,-1
llama31_8b,Carnevale22_Adenosine,Carnevale,5008,11,2.4849066497880004,17136,17008,154,0.00905456255879586,0.46153846153846156,0.2727272727272727,20,24,-4
llama31_8b,Carnevale22_Adenosine,Carnevale,5009,10,2.3978952727983707,17136,17008,149,0.008760583254938852,0.42692307692307696,0.5192307692307693,14,13,1
llama31_8b,Carnevale22_Adenosine,Carnevale,5010,13,2.6390573296152584,17136,17008,229,0.013464252116650987,0.3224852071005917,0.28402366863905326,17,7,10
llama31_8b,Carnevale22_Adenosine,Carnevale,5011,11,2.4849066497880004,17136,17008,151,0.008878174976481655,0.472027972027972,0.2902097902097902,20,18,2
llama31_8b,Carnevale22_Adenosine,Carnevale,5012,15,2.772588722239781,17136,17008,233,0.013699435559736595,0.4025641025641026,0.2358974358974359,15,18,-3
llama31_8b,Carnevale22_Adenosine,Carnevale,5013,12,2.5649493574615367,17136,17008,127,0.007467074317968015,0.592948717948718,0.21153846153846154,17,18,-1
llama31_8b,Carnevale22_Adenosine,Carnevale,5014,15,2.772588722239781,17136,17008,171,0.01005409219190969,0.5615384615384615,0.2794871794871795,16,17,-1
llama31_8b,Carnevale22_Adenosine,Carnevale,5015,16,2.833213344056216,17136,17008,151,0.008878174976481655,0.6370192307692308,0.09615384615384616,18,23,-5
llama31_8b,Carnevale22_Adenosine,Carnevale,5016,12,2.5649493574615367,17136,17008,126,0.007408278457196613,0.5961538461538461,0.40384615384615385,13,16,-3
llama31_8b,Carnevale22_Adenosine,Carnevale,5017,11,2.4849066497880004,17136,17008,168,0.009877704609595485,0.4125874125874126,0.26573426573426573,15,22,-7
llama31_8b,Carnevale22_Adenosine,Carnevale,5018,12,2.5649493574615367,17136,17008,219,0.012876293508936971,0.29807692307692313,0.3525641025641026,15,6,9
llama31_8b,Carnevale22_Adenosine,Carnevale,5019,10,2.3978952727983707,17136,17008,131,0.007702257761053622,0.49615384615384617,0.3923076923076923,16,18,-2
llama31_8b,Carnevale22_Adenosine,Carnevale,5020,12,2.5649493574615367,17136,17008,211,0.012405926622765757,0.3237179487179487,0.3173076923076923,9,16,-7
ministral8b,Carnevale22_Adenosine,Carnevale,5001,10,2.3978952727983707,17136,17008,162,0.009524929444967075,0.3769230769230769,0.18846153846153846,18,15,3
ministral8b,Carnevale22_Adenosine,Carnevale,5002,9,2.302585092994046,17136,17008,183,0.010759642521166509,0.21794871794871795,0.13675213675213677,11,11,0
ministral8b,Carnevale22_Adenosine,Carnevale,5003,10,2.3978952727983707,17136,17008,174,0.010230479774223894,0.3307692307692308,0.2653846153846154,9,10,-1
ministral8b,Carnevale22_Adenosine,Carnevale,5004,15,2.772588722239781,17136,17008,234,0.013758231420507996,0.4,0.1641025641025641,10,17,-7
ministral8b,Carnevale22_Adenosine,Carnevale,5005,11,2.4849066497880004,17136,17008,176,0.010348071495766699,0.3846153846153846,0.17832167832167833,11,19,-8
ministral8b,Carnevale22_Adenosine,Carnevale,5006,10,2.3978952727983707,17136,17008,219,0.012876293508936971,0.1576923076923077,0.12307692307692308,7,9,-2
ministral8b,Carnevale22_Adenosine,Carnevale,5007,6,1.9459101490553132,17136,17008,119,0.006996707431796802,0.23717948717948723,0.19230769230769232,12,10,2
ministral8b,Carnevale22_Adenosine,Carnevale,5008,11,2.4849066497880004,17136,17008,187,0.010994825964252117,0.34615384615384615,0.34965034965034963,14,13,1
ministral8b,Carnevale22_Adenosine,Carnevale,5009,9,2.302585092994046,17136,17008,129,0.0075846660395108186,0.4487179487179487,0.3717948717948718,10,8,2
ministral8b,Carnevale22_Adenosine,Carnevale,5010,13,2.6390573296152584,17136,17008,198,0.011641580432737535,0.41420118343195267,0.2485207100591716,13,17,-4
ministral8b,Carnevale22_Adenosine,Carnevale,5011,7,2.0794415416798357,17136,17008,134,0.007878645343367827,0.2637362637362637,0.23076923076923078,17,11,6
ministral8b,Carnevale22_Adenosine,Carnevale,5012,8,2.1972245773362196,17136,17008,131,0.007702257761053622,0.3701923076923077,0.4951923076923077,13,17,-4
ministral8b,Carnevale22_Adenosine,Carnevale,5013,12,2.5649493574615367,17136,17008,194,0.011406396989651929,0.3782051282051282,0.2564102564102564,9,15,-6
ministral8b,Carnevale22_Adenosine,Carnevale,5014,10,2.3978952727983707,17136,17008,160,0.00940733772342427,0.3846153846153846,0.2076923076923077,9,19,-10
ministral8b,Carnevale22_Adenosine,Carnevale,5015,10,2.3978952727983707,17136,17008,162,0.009524929444967075,0.3769230769230769,0.55,12,5,7
ministral8b,Carnevale22_Adenosine,Carnevale,5016,13,2.6390573296152584,17136,17008,196,0.011523988711194732,0.4201183431952663,0.3076923076923077,19,14,5
ministral8b,Carnevale22_Adenosine,Carnevale,5017,6,1.9459101490553132,17136,17008,122,0.007173095014111007,0.21794871794871795,0.3974358974358974,10,13,-3
ministral8b,Carnevale22_Adenosine,Carnevale,5018,15,2.772588722239781,17136,17008,171,0.01005409219190969,0.5615384615384615,0.3487179487179487,21,22,-1
ministral8b,Carnevale22_Adenosine,Carnevale,5019,7,2.0794415416798357,17136,17008,142,0.00834901222953904,0.21978021978021978,0.3021978021978022,12,8,4
ministral8b,Carnevale22_Adenosine,Carnevale,5020,13,2.6390573296152584,17136,17008,235,0.013817027281279398,0.3047337278106509,0.16568047337278108,9,18,-9
phi4_14b,Carnevale22_Adenosine,Carnevale,5001,12,2.5649493574615367,17136,17008,180,0.010583254938852305,0.42307692307692313,0.4935897435897436,20,16,4
phi4_14b,Carnevale22_Adenosine,Carnevale,5002,16,2.833213344056216,17136,17008,142,0.00834901222953904,0.6586538461538461,0.3894230769230769,18,17,1
phi4_14b,Carnevale22_Adenosine,Carnevale,5003,14,2.70805020110221,17136,17008,175,0.010289275634995296,0.5192307692307692,0.1813186813186813,10,14,-4
phi4_14b,Carnevale22_Adenosine,Carnevale,5004,11,2.4849066497880004,17136,17008,153,0.00899576669802446,0.465034965034965,0.34615384615384615,10,8,2
phi4_14b,Carnevale22_Adenosine,Carnevale,5005,9,2.302585092994046,17136,17008,177,0.0104068673565381,0.2435897435897436,0.14957264957264957,9,15,-6
phi4_14b,Carnevale22_Adenosine,Carnevale,5006,13,2.6390573296152584,17136,17008,189,0.01111241768579492,0.44082840236686394,0.3875739644970414,6,8,-2
phi4_14b,Carnevale22_Adenosine,Carnevale,5007,13,2.6390573296152584,17136,17008,196,0.011523988711194732,0.4201183431952663,0.3343195266272189,11,18,-7
phi4_14b,Carnevale22_Adenosine,Carnevale,5008,11,2.4849066497880004,17136,17008,176,0.010348071495766699,0.3846153846153846,0.2692307692307692,17,14,3
phi4_14b,Carnevale22_Adenosine,Carnevale,5009,13,2.6390573296152584,17136,17008,154,0.00905456255879586,0.5443786982248521,0.1952662721893491,16,16,0
phi4_14b,Carnevale22_Adenosine,Carnevale,5010,16,2.833213344056216,17136,17008,264,0.015522107243650047,0.3653846153846154,0.16826923076923078,9,8,1
phi4_14b,Carnevale22_Adenosine,Carnevale,5011,11,2.4849066497880004,17136,17008,214,0.012582314205079962,0.2517482517482518,0.26223776223776224,5,11,-6
phi4_14b,Carnevale22_Adenosine,Carnevale,5012,15,2.772588722239781,17136,17008,179,0.010524459078080903,0.5410256410256411,0.32051282051282054,17,15,2
phi4_14b,Carnevale22_Adenosine,Carnevale,5013,7,2.0794415416798357,17136,17008,77,0.00452728127939793,0.5769230769230769,0.8076923076923077,8,4,4
phi4_14b,Carnevale22_Adenosine,Carnevale,5014,15,2.772588722239781,17136,17008,192,0.011288805268109126,0.5076923076923077,0.18974358974358974,15,18,-3
phi4_14b,Carnevale22_Adenosine,Carnevale,5015,10,2.3978952727983707,17136,17008,146,0.008584195672624648,0.43846153846153846,0.4269230769230769,17,12,5
phi4_14b,Carnevale22_Adenosine,Carnevale,5016,8,2.1972245773362196,17136,17008,151,0.008878174976481655,0.27403846153846156,0.38461538461538464,17,14,3
phi4_14b,Carnevale22_Adenosine,Carnevale,5017,15,2.772588722239781,17136,17008,187,0.010994825964252117,0.5205128205128204,0.23333333333333334,12,16,-4
phi4_14b,Carnevale22_Adenosine,Carnevale,5018,8,2.1972245773362196,17136,17008,137,0.008055032925682031,0.34134615384615385,0.5576923076923077,18,10,8
phi4_14b,Carnevale22_Adenosine,Carnevale,5019,12,2.5649493574615367,17136,17008,210,0.012347130761994356,0.32692307692307687,0.23397435897435898,13,10,3
phi4_14b,Carnevale22_Adenosine,Carnevale,5020,13,2.6390573296152584,17136,17008,217,0.012758701787394168,0.3579881656804734,0.3047337278106509,18,9,9
qwen25_7b,Carnevale22_Adenosine,Carnevale,5001,9,2.302585092994046,17136,17008,129,0.0075846660395108186,0.4487179487179487,0.4444444444444444,24,15,9
qwen25_7b,Carnevale22_Adenosine,Carnevale,5002,8,2.1972245773362196,17136,17008,134,0.007878645343367827,0.3557692307692307,0.6105769230769231,5,4,1
qwen25_7b,Carnevale22_Adenosine,Carnevale,5003,13,2.6390573296152584,17136,17008,150,0.008819379115710254,0.5562130177514792,0.48520710059171596,13,19,-6
qwen25_7b,Carnevale22_Adenosine,Carnevale,5004,12,2.5649493574615367,17136,17008,173,0.010171683913452493,0.4455128205128205,0.4807692307692308,22,13,9
qwen25_7b,Carnevale22_Adenosine,Carnevale,5005,8,2.1972245773362196,17136,17008,121,0.007114299153339605,0.4182692307692307,0.5769230769230769,12,12,0
qwen25_7b,Carnevale22_Adenosine,Carnevale,5006,12,2.5649493574615367,17136,17008,135,0.007937441204139228,0.5673076923076923,0.266025641025641,21,22,-1
qwen25_7b,Carnevale22_Adenosine,Carnevale,5007,9,2.302585092994046,17136,17008,140,0.008231420507996237,0.4017094017094017,0.31196581196581197,15,9,6
qwen25_7b,Carnevale22_Adenosine,Carnevale,5008,6,1.9459101490553132,17136,17008,102,0.005997177798682972,0.34615384615384615,0.5448717948717948,11,10,1
qwen25_7b,Carnevale22_Adenosine,Carnevale,5009,15,2.772588722239781,17136,17008,146,0.008584195672624648,0.6256410256410256,0.3128205128205128,22,18,4
qwen25_7b,Carnevale22_Adenosine,Carnevale,5010,9,2.302585092994046,17136,17008,115,0.006761523988711195,0.5085470085470085,0.5470085470085471,14,10,4
qwen25_7b,Carnevale22_Adenosine,Carnevale,5011,9,2.302585092994046,17136,17008,129,0.0075846660395108186,0.4487179487179487,0.4444444444444444,18,7,11
qwen25_7b,Carnevale22_Adenosine,Carnevale,5012,9,2.302585092994046,17136,17008,123,0.007231890874882408,0.47435897435897434,0.5,16,10,6
qwen25_7b,Carnevale22_Adenosine,Carnevale,5013,11,2.4849066497880004,17136,17008,156,0.009172154280338664,0.4545454545454546,0.4090909090909091,13,12,1
qwen25_7b,Carnevale22_Adenosine,Carnevale,5014,12,2.5649493574615367,17136,17008,135,0.007937441204139228,0.5673076923076923,0.266025641025641,20,20,0
qwen25_7b,Carnevale22_Adenosine,Carnevale,5015,9,2.302585092994046,17136,17008,116,0.006820319849482596,0.5042735042735043,0.5897435897435898,14,12,2
qwen25_7b,Carnevale22_Adenosine,Carnevale,5016,13,2.6390573296152584,17136,17008,144,0.008466603951081843,0.5739644970414202,0.34023668639053256,19,15,4
qwen25_7b,Carnevale22_Adenosine,Carnevale,5017,10,2.3978952727983707,17136,17008,151,0.008878174976481655,0.4192307692307692,0.5076923076923077,19,16,3
qwen25_7b,Carnevale22_Adenosine,Carnevale,5018,9,2.302585092994046,17136,17008,103,0.006055973659454374,0.5598290598290598,0.2948717948717949,9,26,-17
qwen25_7b,Carnevale22_Adenosine,Carnevale,5019,17,2.8903717578961645,17136,17008,158,0.009289746001881467,0.6425339366515836,0.4751131221719457,16,19,-3
qwen25_7b,Carnevale22_Adenosine,Carnevale,5020,9,2.302585092994046,17136,17008,99,0.005820790216368768,0.5769230769230769,0.28205128205128205,17,18,-1
qwen3_8b,Carnevale22_Adenosine,Carnevale,5001,14,2.70805020110221,17136,17008,234,0.013758231420507996,0.3571428571428571,0.28296703296703296,6,8,-2
qwen3_8b,Carnevale22_Adenosine,Carnevale,5002,9,2.302585092994046,17136,17008,170,0.009995296331138288,0.27350427350427353,0.2094017094017094,8,12,-4
qwen3_8b,Carnevale22_Adenosine,Carnevale,5003,5,1.791759469228055,17136,17008,89,0.005232831608654751,0.3153846153846154,0.3153846153846154,17,15,2
qwen3_8b,Carnevale22_Adenosine,Carnevale,5004,15,2.772588722239781,17136,17008,155,0.009113358419567263,0.6025641025641026,0.5846153846153846,9,14,-5
qwen3_8b,Carnevale22_Adenosine,Carnevale,5005,10,2.3978952727983707,17136,17008,128,0.007525870178739417,0.5076923076923077,0.3576923076923077,8,14,-6
qwen3_8b,Carnevale22_Adenosine,Carnevale,5006,12,2.5649493574615367,17136,17008,135,0.007937441204139228,0.5673076923076923,0.5512820512820513,10,11,-1
qwen3_8b,Carnevale22_Adenosine,Carnevale,5007,13,2.6390573296152584,17136,17008,160,0.00940733772342427,0.5266272189349113,0.5,13,13,0
qwen3_8b,Carnevale22_Adenosine,Carnevale,5008,13,2.6390573296152584,17136,17008,181,0.010642050799623706,0.4644970414201184,0.30177514792899407,16,15,1
qwen3_8b,Carnevale22_Adenosine,Carnevale,5009,15,2.772588722239781,17136,17008,193,0.011347601128880527,0.5051282051282051,0.3435897435897436,14,15,-1
qwen3_8b,Carnevale22_Adenosine,Carnevale,5010,12,2.5649493574615367,17136,17008,213,0.01252351834430856,0.3173076923076923,0.13782051282051283,8,17,-9
qwen3_8b,Carnevale22_Adenosine,Carnevale,5011,9,2.302585092994046,17136,17008,107,0.006291157102539981,0.5427350427350428,0.4188034188034188,15,12,3
qwen3_8b,Carnevale22_Adenosine,Carnevale,5012,8,2.1972245773362196,17136,17008,148,0.008701787394167451,0.28846153846153844,0.20673076923076922,22,17,5
qwen3_8b,Carnevale22_Adenosine,Carnevale,5013,13,2.6390573296152584,17136,17008,160,0.00940733772342427,0.5266272189349113,0.5,11,15,-4
qwen3_8b,Carnevale22_Adenosine,Carnevale,5014,15,2.772588722239781,17136,17008,166,0.009760112888052681,0.5743589743589743,0.30512820512820515,11,18,-7
qwen3_8b,Carnevale22_Adenosine,Carnevale,5015,4,1.6094379124341003,17136,17008,76,0.004468485418626529,0.2692307692307693,0.4423076923076923,10,14,-4
qwen3_8b,Carnevale22_Adenosine,Carnevale,5016,11,2.4849066497880004,17136,17008,182,0.010700846660395108,0.36363636363636365,0.1888111888111888,13,17,-4
qwen3_8b,Carnevale22_Adenosine,Carnevale,5017,15,2.772588722239781,17136,17008,155,0.009113358419567263,0.6025641025641026,0.5846153846153846,6,16,-10
qwen3_8b,Carnevale22_Adenosine,Carnevale,5018,13,2.6390573296152584,17136,17008,165,0.009701317027281279,0.5118343195266273,0.48520710059171596,19,12,7
qwen3_8b,Carnevale22_Adenosine,Carnevale,5019,15,2.772588722239781,17136,17008,155,0.009113358419567263,0.6025641025641026,0.5846153846153846,5,11,-6
qwen3_8b,Carnevale22_Adenosine,Carnevale,5020,15,2.772588722239781,17136,17008,167,0.009818908748824082,0.5717948717948718,0.5051282051282051,9,18,-9
gemma3_4b,IFNG,Schmidt,5001,12,2.5649493574615367,17009,16881,149,0.008826491321604171,0.5224358974358974,0.5801282051282052,16,8,8
gemma3_4b,IFNG,Schmidt,5002,4,1.6094379124341003,17009,16881,63,0.0037320063977252533,0.3942307692307693,0.6442307692307693,2,3,-1
gemma3_4b,IFNG,Schmidt,5003,9,2.302585092994046,17009,16881,192,0.01137373378354363,0.17948717948717952,0.3333333333333333,17,7,10
gemma3_4b,IFNG,Schmidt,5004,10,2.3978952727983707,17009,16881,135,0.007997156566554114,0.4807692307692307,0.3346153846153846,4,19,-15
gemma3_4b,IFNG,Schmidt,5005,11,2.4849066497880004,17009,16881,146,0.008648776731236301,0.4895104895104895,0.527972027972028,4,15,-11
gemma3_4b,IFNG,Schmidt,5006,5,1.791759469228055,17009,16881,92,0.005449914104614656,0.29230769230769227,0.5692307692307692,5,5,0
gemma3_4b,IFNG,Schmidt,5007,10,2.3978952727983707,17009,16881,179,0.010603637225282863,0.31153846153846154,0.38461538461538464,8,19,-11
gemma3_4b,IFNG,Schmidt,5008,9,2.302585092994046,17009,16881,137,0.008115632960132693,0.4145299145299145,0.4658119658119658,1,20,-19
gemma3_4b,IFNG,Schmidt,5009,5,1.791759469228055,17009,16881,81,0.004798293939932468,0.3769230769230769,0.7692307692307693,3,2,1
gemma3_4b,IFNG,Schmidt,5010,9,2.302585092994046,17009,16881,175,0.010366684438125703,0.25213675213675213,0.1752136752136752,11,15,-4
gemma3_4b,IFNG,Schmidt,5011,10,2.3978952727983707,17009,16881,148,0.00876725312481488,0.4307692307692308,0.4076923076923077,12,9,3
gemma3_4b,IFNG,Schmidt,5012,6,1.9459101490553132,17009,16881,132,0.007819441976186245,0.15384615384615385,0.3717948717948718,3,25,-22
gemma3_4b,IFNG,Schmidt,5013,9,2.302585092994046,17009,16881,160,0.009478111486286358,0.3162393162393162,0.25213675213675213,26,18,8
gemma3_4b,IFNG,Schmidt,5014,10,2.3978952727983707,17009,16881,148,0.00876725312481488,0.4307692307692308,0.4076923076923077,2,13,-11
gemma3_4b,IFNG,Schmidt,5015,13,2.6390573296152584,17009,16881,227,0.01344707067116877,0.32840236686390534,0.257396449704142,10,17,-7
gemma3_4b,IFNG,Schmidt,5016,10,2.3978952727983707,17009,16881,169,0.010011255257389965,0.35,0.4269230769230769,12,18,-6
gemma3_4b,IFNG,Schmidt,5017,9,2.302585092994046,17009,16881,189,0.01119601919317576,0.1923076923076923,0.12393162393162394,19,28,-9
gemma3_4b,IFNG,Schmidt,5018,6,1.9459101490553132,17009,16881,99,0.005864581482139684,0.3653846153846154,0.44871794871794873,6,16,-10
gemma3_4b,IFNG,Schmidt,5019,15,2.772588722239781,17009,16881,205,0.012143830341804395,0.47435897435897434,0.4512820512820513,25,22,3
gemma3_4b,IFNG,Schmidt,5020,10,2.3978952727983707,17009,16881,148,0.00876725312481488,0.4307692307692308,0.4076923076923077,20,16,4
llama31_8b,IFNG,Schmidt,5001,10,2.3978952727983707,17009,16881,184,0.010899828209229311,0.29230769230769227,0.49230769230769234,13,19,-6
llama31_8b,IFNG,Schmidt,5002,10,2.3978952727983707,17009,16881,182,0.01078135181565073,0.30000000000000004,0.4115384615384615,14,22,-8
llama31_8b,IFNG,Schmidt,5003,12,2.5649493574615367,17009,16881,190,0.01125525738996505,0.3910256410256411,0.22435897435897437,24,29,-5
llama31_8b,IFNG,Schmidt,5004,13,2.6390573296152584,17009,16881,133,0.007878680172975534,0.606508875739645,0.3698224852071006,22,6,16
llama31_8b,IFNG,Schmidt,5005,8,2.1972245773362196,17009,16881,125,0.007404774598661216,0.39903846153846156,0.5288461538461539,22,15,7
llama31_8b,IFNG,Schmidt,5006,17,2.8903717578961645,17009,16881,162,0.009596587879864936,0.6334841628959276,0.38687782805429866,19,28,-9
llama31_8b,IFNG,Schmidt,5007,7,2.0794415416798357,17009,16881,124,0.007345536401871927,0.31868131868131866,0.11538461538461539,23,22,1
llama31_8b,IFNG,Schmidt,5008,13,2.6390573296152584,17009,16881,138,0.008174871156921983,0.591715976331361,0.6124260355029586,30,20,10
llama31_8b,IFNG,Schmidt,5009,16,2.833213344056216,17009,16881,201,0.011906877554647236,0.5168269230769231,0.0673076923076923,32,19,13
llama31_8b,IFNG,Schmidt,5010,14,2.70805020110221,17009,16881,185,0.0109590664060186,0.4917582417582418,0.3159340659340659,23,16,7
llama31_8b,IFNG,Schmidt,5011,16,2.833213344056216,17009,16881,205,0.012143830341804395,0.5072115384615384,0.375,23,21,2
llama31_8b,IFNG,Schmidt,5012,18,2.9444389791664403,17009,16881,192,0.01137373378354363,0.5897435897435898,0.14957264957264957,28,27,1
llama31_8b,IFNG,Schmidt,5013,20,3.044522437723423,17009,16881,183,0.010840590012440022,0.648076923076923,0.41346153846153844,26,22,4
llama31_8b,IFNG,Schmidt,5014,16,2.833213344056216,17009,16881,185,0.0109590664060186,0.5552884615384616,0.37740384615384615,24,26,-2
llama31_8b,IFNG,Schmidt,5015,14,2.70805020110221,17009,16881,167,0.009892778863811385,0.5412087912087913,0.22527472527472528,16,29,-13
llama31_8b,IFNG,Schmidt,5016,17,2.8903717578961645,17009,16881,165,0.009774302470232806,0.6266968325791855,0.26018099547511314,24,24,0
llama31_8b,IFNG,Schmidt,5017,20,3.044522437723423,17009,16881,179,0.010603637225282863,0.6557692307692308,0.225,19,27,-8
llama31_8b,IFNG,Schmidt,5018,18,2.9444389791664403,17009,16881,167,0.009892778863811385,0.6431623931623931,0.5363247863247863,28,22,6
llama31_8b,IFNG,Schmidt,5019,9,2.302585092994046,17009,16881,168,0.009952017060600676,0.28205128205128205,0.3547008547008547,7,16,-9
llama31_8b,IFNG,Schmidt,5020,12,2.5649493574615367,17009,16881,213,0.012617735916118714,0.3173076923076923,0.3557692307692308,7,12,-5
ministral8b,IFNG,Schmidt,5001,6,1.9459101490553132,17009,16881,134,0.007937918369764825,0.14102564102564108,0.21153846153846154,18,27,-9
ministral8b,IFNG,Schmidt,5002,25,3.258096538021482,17009,16881,193,0.011432971980332919,0.7030769230769232,0.5015384615384615,23,23,0
ministral8b,IFNG,Schmidt,5003,10,2.3978952727983707,17009,16881,179,0.010603637225282863,0.31153846153846154,0.4076923076923077,29,19,10
ministral8b,IFNG,Schmidt,5004,18,2.9444389791664403,17009,16881,231,0.01368402345832593,0.5064102564102564,0.2948717948717949,25,15,10
ministral8b,IFNG,Schmidt,5005,9,2.302585092994046,17009,16881,202,0.011966115751436527,0.1367521367521367,0.1282051282051282,15,16,-1
ministral8b,IFNG,Schmidt,5006,22,3.1354942159291497,17009,16881,304,0.018008411823944078,0.46853146853146854,0.09265734265734266,23,27,-4
ministral8b,IFNG,Schmidt,5007,11,2.4849066497880004,17009,16881,175,0.010366684438125703,0.3881118881118881,0.506993006993007,9,28,-19
ministral8b,IFNG,Schmidt,5008,16,2.833213344056216,17009,16881,226,0.01338783247437948,0.4567307692307693,0.1875,14,22,-8
ministral8b,IFNG,Schmidt,5009,14,2.70805020110221,17009,16881,274,0.016231265920265386,0.24725274725274726,0.15384615384615385,9,18,-9
ministral8b,IFNG,Schmidt,5010,28,3.367295829986474,17009,16881,238,0.014098690835850957,0.6730769230769231,0.44368131868131866,15,25,-10
ministral8b,IFNG,Schmidt,5011,6,1.9459101490553132,17009,16881,128,0.007582489189029086,0.17948717948717952,0.30128205128205127,14,22,-8
ministral8b,IFNG,Schmidt,5012,23,3.1780538303479458,17009,16881,216,0.012795450506486582,0.6387959866220736,0.36789297658862874,23,26,-3
ministral8b,IFNG,Schmidt,5013,18,2.9444389791664403,17009,16881,300,0.01777145903678692,0.3589743589743589,0.07051282051282051,13,26,-13
ministral8b,IFNG,Schmidt,5014,11,2.4849066497880004,17009,16881,208,0.012321544932172265,0.2727272727272727,0.23076923076923078,7,20,-13
ministral8b,IFNG,Schmidt,5015,9,2.302585092994046,17009,16881,159,0.009418873289497068,0.3205128205128205,0.32905982905982906,11,23,-12
ministral8b,IFNG,Schmidt,5016,10,2.3978952727983707,17009,16881,179,0.010603637225282863,0.31153846153846154,0.4076923076923077,24,19,5
ministral8b,IFNG,Schmidt,5017,15,2.772588722239781,17009,16881,177,0.010485160831704282,0.5461538461538462,0.19487179487179487,28,19,9
ministral8b,IFNG,Schmidt,5018,12,2.5649493574615367,17009,16881,187,0.011077542799597181,0.40064102564102566,0.375,12,28,-16
ministral8b,IFNG,Schmidt,5019,11,2.4849066497880004,17009,16881,147,0.00870801492802559,0.48601398601398604,0.2867132867132867,13,18,-5
ministral8b,IFNG,Schmidt,5020,22,3.1354942159291497,17009,16881,210,0.012440021325750844,0.6328671328671329,0.3531468531468531,17,23,-6
phi4_14b,IFNG,Schmidt,5001,11,2.4849066497880004,17009,16881,182,0.01078135181565073,0.36363636363636365,0.11888111888111888,14,20,-6
phi4_14b,IFNG,Schmidt,5002,7,2.0794415416798357,17009,16881,125,0.007404774598661216,0.3131868131868132,0.4835164835164835,10,17,-7
phi4_14b,IFNG,Schmidt,5003,19,2.995732273553991,17009,16881,221,0.013091641490433032,0.5526315789473684,0.3643724696356275,37,31,6
phi4_14b,IFNG,Schmidt,5004,16,2.833213344056216,17009,16881,225,0.01332859427759019,0.4591346153846154,0.20673076923076922,14,23,-9
phi4_14b,IFNG,Schmidt,5005,13,2.6390573296152584,17009,16881,186,0.01101830460280789,0.4497041420118343,0.3106508875739645,7,28,-21
phi4_14b,IFNG,Schmidt,5006,13,2.6390573296152584,17009,16881,190,0.01125525738996505,0.4378698224852071,0.3431952662721893,20,22,-2
phi4_14b,IFNG,Schmidt,5007,11,2.4849066497880004,17009,16881,201,0.011906877554647236,0.2972027972027972,0.2972027972027972,8,14,-6
phi4_14b,IFNG,Schmidt,5008,12,2.5649493574615367,17009,16881,214,0.012676974112908003,0.3141025641025641,0.391025641025641,4,16,-12
phi4_14b,IFNG,Schmidt,5009,11,2.4849066497880004,17009,16881,166,0.009833540667022096,0.4195804195804196,0.2902097902097902,14,21,-7
phi4_14b,IFNG,Schmidt,5010,12,2.5649493574615367,17009,16881,170,0.010070493454179255,0.4551282051282052,0.2403846153846154,23,30,-7
phi4_14b,IFNG,Schmidt,5011,7,2.0794415416798357,17009,16881,125,0.007404774598661216,0.3131868131868132,0.4835164835164835,7,18,-11
phi4_14b,IFNG,Schmidt,5012,16,2.833213344056216,17009,16881,208,0.012321544932172265,0.5,0.34615384615384615,23,16,7
phi4_14b,IFNG,Schmidt,5013,7,2.0794415416798357,17009,16881,116,0.006871630827557609,0.3626373626373627,0.5164835164835165,7,17,-10
phi4_14b,IFNG,Schmidt,5014,12,2.5649493574615367,17009,16881,191,0.011314495586754339,0.3878205128205128,0.4230769230769231,14,18,-4
phi4_14b,IFNG,Schmidt,5015,12,2.5649493574615367,17009,16881,175,0.010366684438125703,0.4391025641025641,0.2724358974358974,16,16,0
phi4_14b,IFNG,Schmidt,5016,12,2.5649493574615367,17009,16881,214,0.012676974112908003,0.3141025641025641,0.391025641025641,9,15,-6
phi4_14b,IFNG,Schmidt,5017,8,2.1972245773362196,17009,16881,141,0.008352585747289852,0.3221153846153846,0.4326923076923077,9,16,-7
phi4_14b,IFNG,Schmidt,5018,8,2.1972245773362196,17009,16881,147,0.00870801492802559,0.2932692307692307,0.5,11,15,-4
phi4_14b,IFNG,Schmidt,5019,7,2.0794415416798357,17009,16881,125,0.007404774598661216,0.3131868131868132,0.45054945054945056,24,23,1
phi4_14b,IFNG,Schmidt,5020,8,2.1972245773362196,17009,16881,147,0.00870801492802559,0.2932692307692307,0.5,12,16,-4
qwen25_7b,IFNG,Schmidt,5001,14,2.70805020110221,17009,16881,290,0.017179077068894023,0.20329670329670335,0.2087912087912088,15,23,-8
qwen25_7b,IFNG,Schmidt,5002,15,2.772588722239781,17009,16881,242,0.014335643623008116,0.37948717948717947,0.27692307692307694,12,23,-11
qwen25_7b,IFNG,Schmidt,5003,11,2.4849066497880004,17009,16881,204,0.012084592145015106,0.28671328671328666,0.32867132867132864,8,10,-2
qwen25_7b,IFNG,Schmidt,5004,5,1.791759469228055,17009,16881,101,0.0059830578757182635,0.22307692307692306,0.4307692307692308,21,14,7
qwen25_7b,IFNG,Schmidt,5005,14,2.70805020110221,17009,16881,290,0.017179077068894023,0.20329670329670335,0.2087912087912088,6,12,-6
qwen25_7b,IFNG,Schmidt,5006,14,2.70805020110221,17009,16881,290,0.017179077068894023,0.20329670329670335,0.2087912087912088,6,22,-16
qwen25_7b,IFNG,Schmidt,5007,17,2.8903717578961645,17009,16881,212,0.012558497719329424,0.5203619909502262,0.3031674208144796,14,27,-13
qwen25_7b,IFNG,Schmidt,5008,14,2.70805020110221,17009,16881,290,0.017179077068894023,0.20329670329670335,0.2087912087912088,7,23,-16
qwen25_7b,IFNG,Schmidt,5009,12,2.5649493574615367,17009,16881,184,0.010899828209229311,0.41025641025641024,0.3782051282051282,8,19,-11
qwen25_7b,IFNG,Schmidt,5010,5,1.791759469228055,17009,16881,106,0.006279248859664712,0.18461538461538463,0.35384615384615387,11,19,-8
qwen25_7b,IFNG,Schmidt,5011,14,2.70805020110221,17009,16881,290,0.017179077068894023,0.20329670329670335,0.2087912087912088,9,17,-8
qwen25_7b,IFNG,Schmidt,5012,9,2.302585092994046,17009,16881,156,0.009241158699129198,0.33333333333333337,0.26495726495726496,23,27,-4
qwen25_7b,IFNG,Schmidt,5013,14,2.70805020110221,17009,16881,290,0.017179077068894023,0.20329670329670335,0.2087912087912088,12,23,-11
qwen25_7b,IFNG,Schmidt,5014,9,2.302585092994046,17009,16881,164,0.009715064273443517,0.2991452991452992,0.25213675213675213,13,23,-10
qwen25_7b,IFNG,Schmidt,5015,5,1.791759469228055,17009,16881,101,0.0059830578757182635,0.22307692307692306,0.4307692307692308,21,14,7
qwen25_7b,IFNG,Schmidt,5016,11,2.4849066497880004,17009,16881,182,0.01078135181565073,0.36363636363636365,0.4370629370629371,5,18,-13
qwen25_7b,IFNG,Schmidt,5017,14,2.70805020110221,17009,16881,290,0.017179077068894023,0.20329670329670335,0.2087912087912088,7,21,-14
qwen25_7b,IFNG,Schmidt,5018,14,2.70805020110221,17009,16881,290,0.017179077068894023,0.20329670329670335,0.2087912087912088,8,25,-17
qwen25_7b,IFNG,Schmidt,5019,14,2.70805020110221,17009,16881,290,0.017179077068894023,0.20329670329670335,0.2087912087912088,16,14,2
qwen25_7b,IFNG,Schmidt,5020,9,2.302585092994046,17009,16881,156,0.009241158699129198,0.33333333333333337,0.26495726495726496,20,22,-2
qwen3_8b,IFNG,Schmidt,5001,15,2.772588722239781,17009,16881,152,0.009004205911972039,0.6102564102564103,0.2153846153846154,17,23,-6
qwen3_8b,IFNG,Schmidt,5002,15,2.772588722239781,17009,16881,176,0.010425922634914993,0.5487179487179488,0.23333333333333334,24,21,3
qwen3_8b,IFNG,Schmidt,5003,7,2.0794415416798357,17009,16881,126,0.007464012795450507,0.3076923076923077,0.5494505494505495,5,16,-11
qwen3_8b,IFNG,Schmidt,5004,15,2.772588722239781,17009,16881,152,0.009004205911972039,0.6102564102564103,0.2153846153846154,23,20,3
qwen3_8b,IFNG,Schmidt,5005,13,2.6390573296152584,17009,16881,175,0.010366684438125703,0.4822485207100592,0.34911242603550297,10,12,-2
qwen3_8b,IFNG,Schmidt,5006,23,3.1780538303479458,17009,16881,155,0.009181920502339909,0.7408026755852843,0.3377926421404682,23,27,-4
qwen3_8b,IFNG,Schmidt,5007,19,2.995732273553991,17009,16881,210,0.012440021325750844,0.5748987854251012,0.20040485829959515,27,31,-4
qwen3_8b,IFNG,Schmidt,5008,15,2.772588722239781,17009,16881,186,0.01101830460280789,0.523076923076923,0.25384615384615383,16,22,-6
qwen3_8b,IFNG,Schmidt,5009,15,2.772588722239781,17009,16881,175,0.010366684438125703,0.5512820512820513,0.21794871794871795,21,22,-1
qwen3_8b,IFNG,Schmidt,5010,15,2.772588722239781,17009,16881,152,0.009004205911972039,0.6102564102564103,0.2153846153846154,19,26,-7
qwen3_8b,IFNG,Schmidt,5011,15,2.772588722239781,17009,16881,175,0.010366684438125703,0.5512820512820513,0.21794871794871795,20,21,-1
qwen3_8b,IFNG,Schmidt,5012,7,2.0794415416798357,17009,16881,126,0.007464012795450507,0.3076923076923077,0.5494505494505495,12,17,-5
qwen3_8b,IFNG,Schmidt,5013,15,2.772588722239781,17009,16881,175,0.010366684438125703,0.5512820512820513,0.21794871794871795,22,19,3
qwen3_8b,IFNG,Schmidt,5014,15,2.772588722239781,17009,16881,152,0.009004205911972039,0.6102564102564103,0.2153846153846154,24,25,-1
qwen3_8b,IFNG,Schmidt,5015,15,2.772588722239781,17009,16881,175,0.010366684438125703,0.5512820512820513,0.21794871794871795,22,24,-2
qwen3_8b,IFNG,Schmidt,5016,15,2.772588722239781,17009,16881,175,0.010366684438125703,0.5512820512820513,0.21794871794871795,21,24,-3
qwen3_8b,IFNG,Schmidt,5017,15,2.772588722239781,17009,16881,175,0.010366684438125703,0.5512820512820513,0.21794871794871795,23,18,5
qwen3_8b,IFNG,Schmidt,5018,15,2.772588722239781,17009,16881,175,0.010366684438125703,0.5512820512820513,0.21794871794871795,22,24,-2
qwen3_8b,IFNG,Schmidt,5019,11,2.4849066497880004,17009,16881,160,0.009478111486286358,0.4405594405594405,0.4825174825174825,11,14,-3
qwen3_8b,IFNG,Schmidt,5020,15,2.772588722239781,17009,16881,175,0.010366684438125703,0.5512820512820513,0.21794871794871795,26,23,3
gemma3_4b,IL2,Schmidt,5001,2,1.0986122886681098,17758,17630,52,0.002949517867271696,0.0,0.8846153846153846,5,3,2
gemma3_4b,IL2,Schmidt,5002,9,2.302585092994046,17758,17630,109,0.006182643221781055,0.5341880341880342,0.1581196581196581,22,43,-21
gemma3_4b,IL2,Schmidt,5003,4,1.6094379124341003,17758,17630,100,0.005672149744753261,0.038461538461538436,0.47115384615384615,4,16,-12
gemma3_4b,IL2,Schmidt,5004,12,2.5649493574615367,17758,17630,117,0.006636415201361316,0.625,0.1987179487179487,54,36,18
gemma3_4b,IL2,Schmidt,5005,6,1.9459101490553132,17758,17630,99,0.005615428247305729,0.3653846153846154,0.14743589743589744,5,33,-28
gemma3_4b,IL2,Schmidt,5006,6,1.9459101490553132,17758,17630,99,0.005615428247305729,0.3653846153846154,0.22435897435897437,26,33,-7
gemma3_4b,IL2,Schmidt,5007,15,2.772588722239781,17758,17630,169,0.009585933068633012,0.5666666666666667,0.15384615384615385,2,30,-28
gemma3_4b,IL2,Schmidt,5008,12,2.5649493574615367,17758,17630,164,0.009302325581395349,0.47435897435897434,0.266025641025641,4,31,-27
gemma3_4b,IL2,Schmidt,5009,2,1.0986122886681098,17758,17630,52,0.002949517867271696,0.0,0.5384615384615384,2,2,0
gemma3_4b,IL2,Schmidt,5010,6,1.9459101490553132,17758,17630,122,0.006920022688598979,0.21794871794871795,0.22435897435897437,7,35,-28
gemma3_4b,IL2,Schmidt,5011,22,3.1354942159291497,17758,17630,266,0.015087918321043675,0.534965034965035,0.270979020979021,27,27,0
gemma3_4b,IL2,Schmidt,5012,12,2.5649493574615367,17758,17630,146,0.008281338627339761,0.532051282051282,0.358974358974359,40,41,-1
gemma3_4b,IL2,Schmidt,5013,9,2.302585092994046,17758,17630,128,0.007260351673284175,0.45299145299145294,0.2564102564102564,31,37,-6
gemma3_4b,IL2,Schmidt,5014,14,2.70805020110221,17758,17630,158,0.008961996596710153,0.5659340659340659,0.21703296703296704,30,49,-19
gemma3_4b,IL2,Schmidt,5015,16,2.833213344056216,17758,17630,152,0.008621667612024958,0.6346153846153846,0.34615384615384615,8,41,-33
gemma3_4b,IL2,Schmidt,5016,14,2.70805020110221,17758,17630,161,0.009132161089052751,0.5576923076923077,0.19230769230769232,36,32,4
gemma3_4b,IL2,Schmidt,5017,8,2.1972245773362196,17758,17630,157,0.008905275099262621,0.2451923076923077,0.3798076923076923,13,37,-24
gemma3_4b,IL2,Schmidt,5018,13,2.6390573296152584,17758,17630,165,0.00935904707884288,0.5118343195266273,0.3520710059171598,35,53,-18
gemma3_4b,IL2,Schmidt,5019,13,2.6390573296152584,17758,17630,139,0.007884288145207034,0.5887573964497042,0.19822485207100593,40,49,-9
gemma3_4b,IL2,Schmidt,5020,12,2.5649493574615367,17758,17630,156,0.008848553601815088,0.5,0.3141025641025641,24,40,-16
llama31_8b,IL2,Schmidt,5001,13,2.6390573296152584,17758,17630,238,0.013499716392512762,0.29585798816568043,0.20118343195266272,37,45,-8
llama31_8b,IL2,Schmidt,5002,27,3.332204510175204,17758,17630,281,0.015938740782756665,0.5997150997150997,0.3475783475783476,41,38,3
llama31_8b,IL2,Schmidt,5003,13,2.6390573296152584,17758,17630,233,0.013216108905275099,0.31065088757396453,0.15384615384615385,48,44,4
llama31_8b,IL2,Schmidt,5004,12,2.5649493574615367,17758,17630,189,0.010720363017583664,0.3942307692307693,0.20833333333333334,6,47,-41
llama31_8b,IL2,Schmidt,5005,13,2.6390573296152584,17758,17630,224,0.012705615428247306,0.3372781065088757,0.15088757396449703,37,23,14
llama31_8b,IL2,Schmidt,5006,18,2.9444389791664403,17758,17630,296,0.016789563244469653,0.36752136752136755,0.1581196581196581,35,38,-3
llama31_8b,IL2,Schmidt,5007,2,1.0986122886681098,17758,17630,52,0.002949517867271696,0.0,0.019230769230769232,26,16,10
llama31_8b,IL2,Schmidt,5008,28,3.367295829986474,17758,17630,244,0.013840045377197957,0.6648351648351649,0.33653846153846156,50,45,5
llama31_8b,IL2,Schmidt,5009,7,2.0794415416798357,17758,17630,117,0.006636415201361316,0.3571428571428571,0.25274725274725274,26,40,-14
llama31_8b,IL2,Schmidt,5010,22,3.1354942159291497,17758,17630,223,0.012648893930799774,0.6101398601398602,0.36713286713286714,51,37,14
llama31_8b,IL2,Schmidt,5011,13,2.6390573296152584,17758,17630,236,0.013386273397617696,0.30177514792899407,0.257396449704142,41,37,4
llama31_8b,IL2,Schmidt,5012,6,1.9459101490553132,17758,17630,136,0.007714123652864436,0.1282051282051282,0.3141025641025641,35,38,-3
llama31_8b,IL2,Schmidt,5013,16,2.833213344056216,17758,17630,145,0.008224617129892229,0.6514423076923077,0.12259615384615384,48,52,-4
llama31_8b,IL2,Schmidt,5014,25,3.258096538021482,17758,17630,132,0.007487237663074305,0.796923076923077,0.35846153846153844,45,49,-4
llama31_8b,IL2,Schmidt,5015,17,2.8903717578961645,17758,17630,220,0.012478729438457176,0.502262443438914,0.26244343891402716,29,38,-9
llama31_8b,IL2,Schmidt,5016,17,2.8903717578961645,17758,17630,193,0.010947249007373795,0.5633484162895928,0.22624434389140272,67,40,27
llama31_8b,IL2,Schmidt,5017,6,1.9459101490553132,17758,17630,102,0.005785592739648327,0.34615384615384615,0.30128205128205127,31,33,-2
llama31_8b,IL2,Schmidt,5018,5,1.791759469228055,17758,17630,108,0.006125921724333522,0.16923076923076918,0.7307692307692307,0,3,-3
llama31_8b,IL2,Schmidt,5019,25,3.258096538021482,17758,17630,156,0.008848553601815088,0.76,0.5046153846153846,29,45,-16
llama31_8b,IL2,Schmidt,5020,10,2.3978952727983707,17758,17630,176,0.00998298355076574,0.32307692307692304,0.19230769230769232,11,43,-32
ministral8b,IL2,Schmidt,5001,21,3.091042453358316,17758,17630,154,0.008735110606920022,0.717948717948718,0.2875457875457875,57,45,12
ministral8b,IL2,Schmidt,5002,12,2.5649493574615367,17758,17630,155,0.008791832104367556,0.5032051282051282,0.3076923076923077,36,30,6
ministral8b,IL2,Schmidt,5003,13,2.6390573296152584,17758,17630,157,0.008905275099262621,0.5355029585798816,0.3224852071005917,1,49,-48
ministral8b,IL2,Schmidt,5004,23,3.1780538303479458,17758,17630,130,0.00737379466817924,0.782608695652174,0.5150501672240803,39,45,-6
ministral8b,IL2,Schmidt,5005,14,2.70805020110221,17758,17630,127,0.007203630175836642,0.6510989010989011,0.45604395604395603,23,52,-29
ministral8b,IL2,Schmidt,5006,16,2.833213344056216,17758,17630,178,0.010096426545660805,0.5721153846153846,0.19230769230769232,8,45,-37
ministral8b,IL2,Schmidt,5007,22,3.1354942159291497,17758,17630,166,0.009415768576290414,0.7097902097902098,0.5209790209790209,45,54,-9
ministral8b,IL2,Schmidt,5008,18,2.9444389791664403,17758,17630,163,0.009245604083947817,0.6517094017094017,0.22008547008547008,12,44,-32
ministral8b,IL2,Schmidt,5009,26,3.295836866004329,17758,17630,193,0.010947249007373795,0.7144970414201184,0.32840236686390534,11,44,-33
ministral8b,IL2,Schmidt,5010,28,3.367295829986474,17758,17630,220,0.012478729438457176,0.6978021978021978,0.49313186813186816,11,43,-32
ministral8b,IL2,Schmidt,5011,11,2.4849066497880004,17758,17630,198,0.011230856494611459,0.3076923076923077,0.3321678321678322,30,22,8
ministral8b,IL2,Schmidt,5012,31,3.4657359027997265,17758,17630,155,0.008791832104367556,0.8076923076923077,0.6377171215880894,49,53,-4
ministral8b,IL2,Schmidt,5013,29,3.4011973816621555,17758,17630,179,0.010153148043108339,0.7625994694960212,0.4350132625994695,47,35,12
ministral8b,IL2,Schmidt,5014,13,2.6390573296152584,17758,17630,182,0.010323312535450936,0.46153846153846156,0.257396449704142,19,52,-33
ministral8b,IL2,Schmidt,5015,26,3.295836866004329,17758,17630,155,0.008791832104367556,0.7707100591715976,0.5739644970414202,47,52,-5
ministral8b,IL2,Schmidt,5016,6,1.9459101490553132,17758,17630,93,0.005275099262620533,0.40384615384615385,0.5705128205128205,32,29,3
ministral8b,IL2,Schmidt,5017,25,3.258096538021482,17758,17630,167,0.009472490073737946,0.7430769230769231,0.4815384615384615,38,51,-13
ministral8b,IL2,Schmidt,5018,13,2.6390573296152584,17758,17630,156,0.008848553601815088,0.5384615384615384,0.31952662721893493,12,38,-26
ministral8b,IL2,Schmidt,5019,8,2.1972245773362196,17758,17630,87,0.004934770277935338,0.5817307692307692,0.4423076923076923,27,50,-23
ministral8b,IL2,Schmidt,5020,4,1.6094379124341003,17758,17630,89,0.0050482132728304025,0.14423076923076927,0.15384615384615385,23,21,2
phi4_14b,IL2,Schmidt,5001,16,2.833213344056216,17758,17630,128,0.007260351673284175,0.6923076923076923,0.27163461538461536,52,49,3
phi4_14b,IL2,Schmidt,5002,8,2.1972245773362196,17758,17630,152,0.008621667612024958,0.2692307692307693,0.24519230769230768,24,26,-2
phi4_14b,IL2,Schmidt,5003,22,3.1354942159291497,17758,17630,207,0.011741349971639252,0.6381118881118881,0.2517482517482518,37,48,-11
phi4_14b,IL2,Schmidt,5004,17,2.8903717578961645,17758,17630,226,0.012819058423142371,0.4886877828054299,0.20135746606334842,27,34,-7
phi4_14b,IL2,Schmidt,5005,19,2.995732273553991,17758,17630,164,0.009302325581395349,0.6680161943319838,0.34210526315789475,49,55,-6
phi4_14b,IL2,Schmidt,5006,14,2.70805020110221,17758,17630,105,0.005955757231990925,0.7115384615384616,0.29120879120879123,39,54,-15
phi4_14b,IL2,Schmidt,5007,17,2.8903717578961645,17758,17630,156,0.008848553601815088,0.6470588235294117,0.4230769230769231,43,51,-8
phi4_14b,IL2,Schmidt,5008,24,3.2188758248682006,17758,17630,251,0.014237095859330686,0.5977564102564102,0.26121794871794873,32,45,-13
phi4_14b,IL2,Schmidt,5009,17,2.8903717578961645,17758,17630,170,0.009642654566080544,0.6153846153846154,0.4683257918552036,52,51,1
phi4_14b,IL2,Schmidt,5010,12,2.5649493574615367,17758,17630,187,0.010606920022688598,0.40064102564102566,0.3269230769230769,11,44,-33
phi4_14b,IL2,Schmidt,5011,13,2.6390573296152584,17758,17630,150,0.008508224617129892,0.5562130177514792,0.4911242603550296,50,27,23
phi4_14b,IL2,Schmidt,5012,23,3.1780538303479458,17758,17630,183,0.010380034032898468,0.6939799331103679,0.5100334448160535,24,47,-23
phi4_14b,IL2,Schmidt,5013,8,2.1972245773362196,17758,17630,174,0.009869540555870675,0.16346153846153844,0.3798076923076923,17,29,-12
phi4_14b,IL2,Schmidt,5014,18,2.9444389791664403,17758,17630,173,0.009812819058423142,0.6303418803418803,0.42094017094017094,11,50,-39
phi4_14b,IL2,Schmidt,5015,15,2.772588722239781,17758,17630,178,0.010096426545660805,0.5435897435897437,0.3923076923076923,9,18,-9
phi4_14b,IL2,Schmidt,5016,21,3.091042453358316,17758,17630,172,0.00975609756097561,0.684981684981685,0.40293040293040294,40,43,-3
phi4_14b,IL2,Schmidt,5017,5,1.791759469228055,17758,17630,111,0.00629608621667612,0.1461538461538462,0.34615384615384615,28,16,12
phi4_14b,IL2,Schmidt,5018,20,3.044522437723423,17758,17630,197,0.011174134997163925,0.6211538461538462,0.3576923076923077,48,29,19
phi4_14b,IL2,Schmidt,5019,14,2.70805020110221,17758,17630,181,0.010266591038003403,0.5027472527472527,0.34065934065934067,42,46,-4
phi4_14b,IL2,Schmidt,5020,8,2.1972245773362196,17758,17630,174,0.009869540555870675,0.16346153846153844,0.3798076923076923,18,17,1
qwen25_7b,IL2,Schmidt,5001,13,2.6390573296152584,17758,17630,160,0.009075439591605219,0.5266272189349113,0.34911242603550297,17,45,-28
qwen25_7b,IL2,Schmidt,5002,15,2.772588722239781,17758,17630,137,0.007770845150311968,0.6487179487179487,0.26666666666666666,35,44,-9
qwen25_7b,IL2,Schmidt,5003,12,2.5649493574615367,17758,17630,145,0.008224617129892229,0.5352564102564102,0.07371794871794872,19,39,-20
qwen25_7b,IL2,Schmidt,5004,14,2.70805020110221,17758,17630,169,0.009585933068633012,0.5357142857142857,0.22252747252747251,28,40,-12
qwen25_7b,IL2,Schmidt,5005,16,2.833213344056216,17758,17630,214,0.012138400453771979,0.48557692307692313,0.040865384615384616,13,36,-23
qwen25_7b,IL2,Schmidt,5006,10,2.3978952727983707,17758,17630,184,0.010436755530346,0.29230769230769227,0.019230769230769232,8,37,-29
qwen25_7b,IL2,Schmidt,5007,5,1.791759469228055,17758,17630,119,0.006749858196256381,0.08461538461538465,0.13846153846153847,24,16,8
qwen25_7b,IL2,Schmidt,5008,8,2.1972245773362196,17758,17630,168,0.00952921157118548,0.1923076923076923,0.02403846153846154,22,31,-9
qwen25_7b,IL2,Schmidt,5009,26,3.295836866004329,17758,17630,152,0.008621667612024958,0.7751479289940828,0.45857988165680474,33,40,-7
qwen25_7b,IL2,Schmidt,5010,12,2.5649493574615367,17758,17630,156,0.008848553601815088,0.5,0.28525641025641024,24,21,3
qwen25_7b,IL2,Schmidt,5011,5,1.791759469228055,17758,17630,115,0.0065229722064662505,0.11538461538461542,0.03076923076923077,15,31,-16
qwen25_7b,IL2,Schmidt,5012,11,2.4849066497880004,17758,17630,132,0.007487237663074305,0.5384615384615384,0.14335664335664336,29,40,-11
qwen25_7b,IL2,Schmidt,5013,1,0.6931471805599453,17758,17630,26,0.001474758933635848,0.0,0.8846153846153846,27,4,23
qwen25_7b,IL2,Schmidt,5014,11,2.4849066497880004,17758,17630,132,0.007487237663074305,0.5384615384615384,0.14335664335664336,36,36,0
qwen25_7b,IL2,Schmidt,5015,24,3.2188758248682006,17758,17630,226,0.012819058423142371,0.6378205128205128,0.3349358974358974,23,43,-20
qwen25_7b,IL2,Schmidt,5016,16,2.833213344056216,17758,17630,154,0.008735110606920022,0.6298076923076923,0.12740384615384615,32,40,-8
qwen25_7b,IL2,Schmidt,5017,5,1.791759469228055,17758,17630,119,0.006749858196256381,0.08461538461538465,0.13846153846153847,26,16,10
qwen25_7b,IL2,Schmidt,5018,6,1.9459101490553132,17758,17630,145,0.008224617129892229,0.07051282051282048,0.28205128205128205,17,10,7
qwen25_7b,IL2,Schmidt,5019,8,2.1972245773362196,17758,17630,144,0.008167895632444697,0.3076923076923077,0.3605769230769231,10,19,-9
qwen25_7b,IL2,Schmidt,5020,11,2.4849066497880004,17758,17630,183,0.010380034032898468,0.3601398601398601,0.40559440559440557,31,41,-10
qwen3_8b,IL2,Schmidt,5001,10,2.3978952727983707,17758,17630,103,0.005842314237095859,0.6038461538461539,0.17692307692307693,30,53,-23
qwen3_8b,IL2,Schmidt,5002,5,1.791759469228055,17758,17630,81,0.0045944412932501415,0.3769230769230769,0.12307692307692308,11,48,-37
qwen3_8b,IL2,Schmidt,5003,5,1.791759469228055,17758,17630,81,0.0045944412932501415,0.3769230769230769,0.12307692307692308,42,46,-4
qwen3_8b,IL2,Schmidt,5004,14,2.70805020110221,17758,17630,135,0.007657402155416903,0.6291208791208791,0.2692307692307692,54,42,12
qwen3_8b,IL2,Schmidt,5005,9,2.302585092994046,17758,17630,122,0.006920022688598979,0.4786324786324786,0.2777777777777778,4,34,-30
qwen3_8b,IL2,Schmidt,5006,21,3.091042453358316,17758,17630,174,0.009869540555870675,0.6813186813186813,0.3058608058608059,35,37,-2
qwen3_8b,IL2,Schmidt,5007,16,2.833213344056216,17758,17630,172,0.00975609756097561,0.5865384615384616,0.27884615384615385,8,44,-36
qwen3_8b,IL2,Schmidt,5008,19,2.995732273553991,17758,17630,162,0.009188882586500283,0.6720647773279352,0.3785425101214575,19,50,-31
qwen3_8b,IL2,Schmidt,5009,17,2.8903717578961645,17758,17630,140,0.007941009642654566,0.6832579185520362,0.35294117647058826,50,39,11
qwen3_8b,IL2,Schmidt,5010,12,2.5649493574615367,17758,17630,151,0.008564946114577424,0.516025641025641,0.21153846153846154,42,39,3
qwen3_8b,IL2,Schmidt,5011,18,2.9444389791664403,17758,17630,137,0.007770845150311968,0.7072649572649572,0.41239316239316237,39,47,-8
qwen3_8b,IL2,Schmidt,5012,6,1.9459101490553132,17758,17630,113,0.006409529211571186,0.27564102564102566,0.40384615384615385,4,36,-32
qwen3_8b,IL2,Schmidt,5013,11,2.4849066497880004,17758,17630,150,0.008508224617129892,0.4755244755244755,0.15384615384615385,26,41,-15
qwen3_8b,IL2,Schmidt,5014,12,2.5649493574615367,17758,17630,129,0.007317073170731708,0.5865384615384616,0.4551282051282051,10,42,-32
qwen3_8b,IL2,Schmidt,5015,11,2.4849066497880004,17758,17630,118,0.006693136698808848,0.5874125874125874,0.4090909090909091,15,39,-24
qwen3_8b,IL2,Schmidt,5016,21,3.091042453358316,17758,17630,174,0.009869540555870675,0.6813186813186813,0.3791208791208791,52,51,1
qwen3_8b,IL2,Schmidt,5017,11,2.4849066497880004,17758,17630,150,0.008508224617129892,0.4755244755244755,0.15384615384615385,20,43,-23
qwen3_8b,IL2,Schmidt,5018,11,2.4849066497880004,17758,17630,150,0.008508224617129892,0.4755244755244755,0.15384615384615385,18,36,-18
qwen3_8b,IL2,Schmidt,5019,15,2.772588722239781,17758,17630,135,0.007657402155416903,0.6538461538461539,0.36923076923076925,20,42,-22
qwen3_8b,IL2,Schmidt,5020,15,2.772588722239781,17758,17630,145,0.008224617129892229,0.6282051282051282,0.43333333333333335,8,30,-22
gemma3_4b,Sanchez21,Sanchez,5001,13,2.6390573296152584,17204,17076,187,0.010951042398688217,0.44674556213017746,0.3609467455621302,10,10,0
gemma3_4b,Sanchez21,Sanchez,5002,20,3.044522437723423,17204,17076,263,0.015401733427032091,0.49423076923076925,0.2,8,6,2
gemma3_4b,Sanchez21,Sanchez,5003,12,2.5649493574615367,17204,17076,167,0.009779807917545092,0.46474358974358976,0.23717948717948717,5,13,-8
gemma3_4b,Sanchez21,Sanchez,5004,18,2.9444389791664403,17204,17076,309,0.01809557273366128,0.33974358974358976,0.25427350427350426,14,7,7
gemma3_4b,Sanchez21,Sanchez,5005,17,2.8903717578961645,17204,17076,198,0.011595221363316937,0.5520361990950227,0.3936651583710407,6,9,-3
gemma3_4b,Sanchez21,Sanchez,5006,11,2.4849066497880004,17204,17076,189,0.01106816584680253,0.33916083916083917,0.5244755244755245,3,8,-5
gemma3_4b,Sanchez21,Sanchez,5007,9,2.302585092994046,17204,17076,117,0.0068517217146872806,0.5,0.5128205128205128,9,13,-4
gemma3_4b,Sanchez21,Sanchez,5008,7,2.0794415416798357,17204,17076,113,0.006617474818458656,0.3791208791208791,0.23076923076923078,6,9,-3
gemma3_4b,Sanchez21,Sanchez,5009,15,2.772588722239781,17204,17076,190,0.011126727570859685,0.5128205128205128,0.28205128205128205,4,5,-1
gemma3_4b,Sanchez21,Sanchez,5010,13,2.6390573296152584,17204,17076,161,0.009428437573202155,0.5236686390532544,0.5118343195266272,5,7,-2
gemma3_4b,Sanchez21,Sanchez,5011,8,2.1972245773362196,17204,17076,137,0.008022956195830405,0.34134615384615385,0.21153846153846154,6,11,-5
gemma3_4b,Sanchez21,Sanchez,5012,19,2.995732273553991,17204,17076,214,0.012532208948231436,0.5668016194331984,0.4979757085020243,4,13,-9
gemma3_4b,Sanchez21,Sanchez,5013,17,2.8903717578961645,17204,17076,197,0.01153665963925978,0.5542986425339367,0.39592760180995473,8,6,2
gemma3_4b,Sanchez21,Sanchez,5014,11,2.4849066497880004,17204,17076,132,0.007730147575544624,0.5384615384615384,0.2902097902097902,11,8,3
gemma3_4b,Sanchez21,Sanchez,5015,10,2.3978952727983707,17204,17076,138,0.008081517919887562,0.46923076923076923,0.5384615384615384,10,13,-3
gemma3_4b,Sanchez21,Sanchez,5016,10,2.3978952727983707,17204,17076,172,0.010072616537830873,0.3384615384615385,0.48846153846153845,4,4,0
gemma3_4b,Sanchez21,Sanchez,5017,17,2.8903717578961645,17204,17076,226,0.013234949636917312,0.4886877828054299,0.27149321266968324,9,7,2
gemma3_4b,Sanchez21,Sanchez,5018,13,2.6390573296152584,17204,17076,150,0.008784258608573436,0.5562130177514792,0.4230769230769231,10,10,0
gemma3_4b,Sanchez21,Sanchez,5019,13,2.6390573296152584,17204,17076,186,0.01089248067463106,0.4497041420118343,0.28106508875739644,9,5,4
gemma3_4b,Sanchez21,Sanchez,5020,14,2.70805020110221,17204,17076,219,0.012825017568517217,0.3983516483516484,0.4532967032967033,9,7,2
llama31_8b,Sanchez21,Sanchez,5001,5,1.791759469228055,17204,17076,90,0.005270555165144062,0.3076923076923077,0.6076923076923076,5,10,-5
llama31_8b,Sanchez21,Sanchez,5002,5,1.791759469228055,17204,17076,117,0.0068517217146872806,0.09999999999999998,0.3769230769230769,7,8,-1
llama31_8b,Sanchez21,Sanchez,5003,13,2.6390573296152584,17204,17076,223,0.013059264464745842,0.3402366863905325,0.1952662721893491,6,13,-7
llama31_8b,Sanchez21,Sanchez,5004,7,2.0794415416798357,17204,17076,143,0.008374326540173343,0.2142857142857143,0.3791208791208791,5,8,-3
llama31_8b,Sanchez21,Sanchez,5005,9,2.302585092994046,17204,17076,152,0.00890138205668775,0.3504273504273504,0.21794871794871795,8,10,-2
llama31_8b,Sanchez21,Sanchez,5006,3,1.3862943611198906,17204,17076,63,0.0036893886156008433,0.1923076923076923,0.2692307692307692,9,10,-1
llama31_8b,Sanchez21,Sanchez,5007,8,2.1972245773362196,17204,17076,132,0.007730147575544624,0.3653846153846154,0.27403846153846156,9,10,-1
llama31_8b,Sanchez21,Sanchez,5008,10,2.3978952727983707,17204,17076,140,0.008198641368001873,0.46153846153846156,0.4153846153846154,9,8,1
llama31_8b,Sanchez21,Sanchez,5009,7,2.0794415416798357,17204,17076,134,0.007847271023658937,0.2637362637362637,0.32967032967032966,2,8,-6
llama31_8b,Sanchez21,Sanchez,5010,7,2.0794415416798357,17204,17076,135,0.007905832747716092,0.2582417582417582,0.06593406593406594,13,7,6
llama31_8b,Sanchez21,Sanchez,5011,9,2.302585092994046,17204,17076,159,0.009311314125087842,0.3205128205128205,0.017094017094017096,7,6,1
llama31_8b,Sanchez21,Sanchez,5012,12,2.5649493574615367,17204,17076,223,0.013059264464745842,0.28525641025641024,0.3173076923076923,6,7,-1
llama31_8b,Sanchez21,Sanchez,5013,12,2.5649493574615367,17204,17076,154,0.00901850550480206,0.5064102564102564,0.5256410256410257,15,11,4
llama31_8b,Sanchez21,Sanchez,5014,6,1.9459101490553132,17204,17076,108,0.006324666198172874,0.3076923076923077,0.42948717948717946,6,7,-1
llama31_8b,Sanchez21,Sanchez,5015,6,1.9459101490553132,17204,17076,139,0.008140079643944718,0.10897435897435892,0.3076923076923077,6,8,-2
llama31_8b,Sanchez21,Sanchez,5016,5,1.791759469228055,17204,17076,103,0.006031857577887093,0.20769230769230773,0.34615384615384615,9,7,2
llama31_8b,Sanchez21,Sanchez,5017,15,2.772588722239781,17204,17076,212,0.012415085500117124,0.45641025641025645,0.21794871794871795,9,12,-3
llama31_8b,Sanchez21,Sanchez,5018,5,1.791759469228055,17204,17076,128,0.007495900679315999,0.01538461538461533,0.3230769230769231,9,10,-1
llama31_8b,Sanchez21,Sanchez,5019,2,1.0986122886681098,17204,17076,52,0.0030452096509721244,0.0,0.9230769230769231,7,3,4
llama31_8b,Sanchez21,Sanchez,5020,4,1.6094379124341003,17204,17076,103,0.006031857577887093,0.009615384615384581,0.4423076923076923,9,7,2
ministral8b,Sanchez21,Sanchez,5001,10,2.3978952727983707,17204,17076,149,0.00872569688451628,0.42692307692307696,0.26153846153846155,14,10,4
ministral8b,Sanchez21,Sanchez,5002,10,2.3978952727983707,17204,17076,154,0.00901850550480206,0.4076923076923077,0.49615384615384617,11,11,0
ministral8b,Sanchez21,Sanchez,5003,8,2.1972245773362196,17204,17076,134,0.007847271023658937,0.3557692307692307,0.47115384615384615,8,8,0
ministral8b,Sanchez21,Sanchez,5004,10,2.3978952727983707,17204,17076,168,0.009838369641602248,0.3538461538461538,0.4115384615384615,7,7,0
ministral8b,Sanchez21,Sanchez,5005,14,2.70805020110221,17204,17076,210,0.012297962052002811,0.42307692307692313,0.2802197802197802,19,9,10
ministral8b,Sanchez21,Sanchez,5006,10,2.3978952727983707,17204,17076,143,0.008374326540173343,0.44999999999999996,0.5269230769230769,9,10,-1
ministral8b,Sanchez21,Sanchez,5007,5,1.791759469228055,17204,17076,118,0.006910283438744436,0.09230769230769231,0.1,10,13,-3
ministral8b,Sanchez21,Sanchez,5008,13,2.6390573296152584,17204,17076,164,0.009604122745373624,0.514792899408284,0.34615384615384615,4,5,-1
ministral8b,Sanchez21,Sanchez,5009,9,2.302585092994046,17204,17076,156,0.009135628952916374,0.33333333333333337,0.3504273504273504,11,11,0
ministral8b,Sanchez21,Sanchez,5010,12,2.5649493574615367,17204,17076,177,0.010365425158116654,0.4326923076923077,0.26282051282051283,8,8,0
ministral8b,Sanchez21,Sanchez,5011,9,2.302585092994046,17204,17076,185,0.010833918950573906,0.20940170940170943,0.3418803418803419,13,14,-1
ministral8b,Sanchez21,Sanchez,5012,13,2.6390573296152584,17204,17076,199,0.011653783087374091,0.41124260355029585,0.15384615384615385,5,4,1
ministral8b,Sanchez21,Sanchez,5013,10,2.3978952727983707,17204,17076,185,0.010833918950573906,0.28846153846153844,0.2423076923076923,12,10,2
ministral8b,Sanchez21,Sanchez,5014,9,2.302585092994046,17204,17076,179,0.010482548606230968,0.2350427350427351,0.11965811965811966,9,10,-1
ministral8b,Sanchez21,Sanchez,5015,9,2.302585092994046,17204,17076,186,0.01089248067463106,0.20512820512820518,0.09829059829059829,4,14,-10
ministral8b,Sanchez21,Sanchez,5016,15,2.772588722239781,17204,17076,216,0.012649332396345749,0.4461538461538461,0.2128205128205128,12,1,11
ministral8b,Sanchez21,Sanchez,5017,14,2.70805020110221,17204,17076,201,0.011770906535488405,0.44780219780219777,0.3159340659340659,7,10,-3
ministral8b,Sanchez21,Sanchez,5018,10,2.3978952727983707,17204,17076,179,0.010482548606230968,0.31153846153846154,0.19615384615384615,14,13,1
ministral8b,Sanchez21,Sanchez,5019,10,2.3978952727983707,17204,17076,163,0.009545561021316467,0.3730769230769231,0.26153846153846155,8,13,-5
ministral8b,Sanchez21,Sanchez,5020,11,2.4849066497880004,17204,17076,181,0.01059967205434528,0.3671328671328671,0.23076923076923078,5,7,-2
phi4_14b,Sanchez21,Sanchez,5001,15,2.772588722239781,17204,17076,235,0.013762005153431718,0.39743589743589747,0.19230769230769232,16,8,8
phi4_14b,Sanchez21,Sanchez,5002,13,2.6390573296152584,17204,17076,245,0.014347622394003279,0.2751479289940828,0.1834319526627219,8,2,6
phi4_14b,Sanchez21,Sanchez,5003,12,2.5649493574615367,17204,17076,237,0.01387912860154603,0.24038461538461542,0.1346153846153846,9,12,-3
phi4_14b,Sanchez21,Sanchez,5004,15,2.772588722239781,17204,17076,248,0.014523307566174749,0.36410256410256414,0.15384615384615385,3,14,-11
phi4_14b,Sanchez21,Sanchez,5005,15,2.772588722239781,17204,17076,264,0.015460295151089248,0.32307692307692304,0.15128205128205127,9,11,-2
phi4_14b,Sanchez21,Sanchez,5006,12,2.5649493574615367,17204,17076,205,0.01200515343171703,0.34294871794871795,0.22115384615384615,7,12,-5
phi4_14b,Sanchez21,Sanchez,5007,10,2.3978952727983707,17204,17076,166,0.009721246193487937,0.3615384615384616,0.38076923076923075,9,10,-1
phi4_14b,Sanchez21,Sanchez,5008,15,2.772588722239781,17204,17076,236,0.013820566877488873,0.3948717948717949,0.18717948717948718,9,11,-2
phi4_14b,Sanchez21,Sanchez,5009,11,2.4849066497880004,17204,17076,161,0.009428437573202155,0.4370629370629371,0.35664335664335667,10,7,3
phi4_14b,Sanchez21,Sanchez,5010,15,2.772588722239781,17204,17076,236,0.013820566877488873,0.3948717948717949,0.18717948717948718,10,14,-4
phi4_14b,Sanchez21,Sanchez,5011,15,2.772588722239781,17204,17076,236,0.013820566877488873,0.3948717948717949,0.18717948717948718,14,5,9
phi4_14b,Sanchez21,Sanchez,5012,12,2.5649493574615367,17204,17076,200,0.011712344811431248,0.3589743589743589,0.20512820512820512,11,8,3
phi4_14b,Sanchez21,Sanchez,5013,12,2.5649493574615367,17204,17076,213,0.012473647224174279,0.3173076923076923,0.3108974358974359,14,3,11
phi4_14b,Sanchez21,Sanchez,5014,11,2.4849066497880004,17204,17076,176,0.010306863434059498,0.3846153846153846,0.2202797202797203,10,10,0
phi4_14b,Sanchez21,Sanchez,5015,9,2.302585092994046,17204,17076,156,0.009135628952916374,0.33333333333333337,0.3076923076923077,13,6,7
phi4_14b,Sanchez21,Sanchez,5016,15,2.772588722239781,17204,17076,266,0.015577418599203561,0.31794871794871793,0.14871794871794872,9,6,3
phi4_14b,Sanchez21,Sanchez,5017,16,2.833213344056216,17204,17076,282,0.01651440618411806,0.3221153846153846,0.16826923076923078,8,5,3
phi4_14b,Sanchez21,Sanchez,5018,10,2.3978952727983707,17204,17076,189,0.01106816584680253,0.2730769230769231,0.21923076923076923,7,11,-4
phi4_14b,Sanchez21,Sanchez,5019,11,2.4849066497880004,17204,17076,207,0.012122276879831343,0.27622377622377625,0.2727272727272727,12,9,3
phi4_14b,Sanchez21,Sanchez,5020,11,2.4849066497880004,17204,17076,180,0.010541110330288124,0.3706293706293706,0.23776223776223776,15,10,5
qwen25_7b,Sanchez21,Sanchez,5001,7,2.0794415416798357,17204,17076,107,0.006266104474115718,0.41208791208791207,0.6648351648351648,16,15,1
qwen25_7b,Sanchez21,Sanchez,5002,8,2.1972245773362196,17204,17076,98,0.005739048957601312,0.5288461538461539,0.8028846153846154,14,14,0
qwen25_7b,Sanchez21,Sanchez,5003,6,1.9459101490553132,17204,17076,122,0.007144530334973062,0.21794871794871795,0.21153846153846154,15,5,10
qwen25_7b,Sanchez21,Sanchez,5004,6,1.9459101490553132,17204,17076,140,0.008198641368001873,0.10256410256410253,0.08974358974358974,9,12,-3
qwen25_7b,Sanchez21,Sanchez,5005,13,2.6390573296152584,17204,17076,206,0.012063715155774186,0.3905325443786982,0.3994082840236686,13,10,3
qwen25_7b,Sanchez21,Sanchez,5006,8,2.1972245773362196,17204,17076,133,0.0077887092996017804,0.36057692307692313,0.2403846153846154,6,6,0
qwen25_7b,Sanchez21,Sanchez,5007,15,2.772588722239781,17204,17076,262,0.015343171702974936,0.32820512820512826,0.11025641025641025,4,8,-4
qwen25_7b,Sanchez21,Sanchez,5008,6,1.9459101490553132,17204,17076,107,0.006266104474115718,0.3141025641025641,0.2948717948717949,9,6,3
qwen25_7b,Sanchez21,Sanchez,5009,10,2.3978952727983707,17204,17076,196,0.011478097915202623,0.24615384615384617,0.13846153846153847,11,9,2
qwen25_7b,Sanchez21,Sanchez,5010,6,1.9459101490553132,17204,17076,107,0.006266104474115718,0.3141025641025641,0.2948717948717949,10,3,7
qwen25_7b,Sanchez21,Sanchez,5011,9,2.302585092994046,17204,17076,166,0.009721246193487937,0.29059829059829057,0.1452991452991453,9,10,-1
qwen25_7b,Sanchez21,Sanchez,5012,7,2.0794415416798357,17204,17076,149,0.00872569688451628,0.18131868131868134,0.0989010989010989,10,9,1
qwen25_7b,Sanchez21,Sanchez,5013,9,2.302585092994046,17204,17076,95,0.005563363785429843,0.594017094017094,0.7435897435897436,13,9,4
qwen25_7b,Sanchez21,Sanchez,5014,16,2.833213344056216,17204,17076,268,0.015694542047317874,0.3557692307692307,0.15625,9,7,2
qwen25_7b,Sanchez21,Sanchez,5015,7,2.0794415416798357,17204,17076,155,0.009077067228859217,0.14835164835164838,0.15384615384615385,10,7,3
qwen25_7b,Sanchez21,Sanchez,5016,13,2.6390573296152584,17204,17076,202,0.011829468259545561,0.4023668639053254,0.22485207100591717,12,10,2
qwen25_7b,Sanchez21,Sanchez,5017,8,2.1972245773362196,17204,17076,172,0.010072616537830873,0.17307692307692313,0.18269230769230768,8,13,-5
qwen25_7b,Sanchez21,Sanchez,5018,13,2.6390573296152584,17204,17076,152,0.00890138205668775,0.5502958579881656,0.21301775147928995,12,9,3
qwen25_7b,Sanchez21,Sanchez,5019,9,2.302585092994046,17204,17076,167,0.009779807917545092,0.2863247863247863,0.3504273504273504,14,6,8
qwen25_7b,Sanchez21,Sanchez,5020,8,2.1972245773362196,17204,17076,137,0.008022956195830405,0.34134615384615385,0.4230769230769231,16,9,7
qwen3_8b,Sanchez21,Sanchez,5001,8,2.1972245773362196,17204,17076,136,0.007964394471773249,0.34615384615384615,0.27403846153846156,8,7,1
qwen3_8b,Sanchez21,Sanchez,5002,8,2.1972245773362196,17204,17076,116,0.006793159990630124,0.4423076923076923,0.24519230769230768,16,14,2
qwen3_8b,Sanchez21,Sanchez,5003,12,2.5649493574615367,17204,17076,147,0.008608573436401968,0.5288461538461539,0.3782051282051282,8,10,-2
qwen3_8b,Sanchez21,Sanchez,5004,15,2.772588722239781,17204,17076,158,0.009252752401030686,0.5948717948717949,0.32051282051282054,10,15,-5
qwen3_8b,Sanchez21,Sanchez,5005,9,2.302585092994046,17204,17076,116,0.006793159990630124,0.5042735042735043,0.2863247863247863,6,10,-4
qwen3_8b,Sanchez21,Sanchez,5006,10,2.3978952727983707,17204,17076,152,0.00890138205668775,0.41538461538461535,0.36153846153846153,8,17,-9
qwen3_8b,Sanchez21,Sanchez,5007,1,0.6931471805599453,17204,17076,26,0.0015226048254860622,0.0,0.19230769230769232,10,13,-3
qwen3_8b,Sanchez21,Sanchez,5008,1,0.6931471805599453,17204,17076,26,0.0015226048254860622,0.0,0.15384615384615385,11,8,3
qwen3_8b,Sanchez21,Sanchez,5009,9,2.302585092994046,17204,17076,109,0.00638322792223003,0.5341880341880342,0.28205128205128205,13,10,3
qwen3_8b,Sanchez21,Sanchez,5010,6,1.9459101490553132,17204,17076,84,0.004919184820801124,0.46153846153846156,0.6474358974358975,9,11,-2
qwen3_8b,Sanchez21,Sanchez,5011,11,2.4849066497880004,17204,17076,150,0.008784258608573436,0.4755244755244755,0.23426573426573427,11,11,0
qwen3_8b,Sanchez21,Sanchez,5012,5,1.791759469228055,17204,17076,110,0.006441789646287187,0.15384615384615385,0.2923076923076923,10,9,1
qwen3_8b,Sanchez21,Sanchez,5013,11,2.4849066497880004,17204,17076,194,0.011360974467088312,0.32167832167832167,0.24475524475524477,10,9,1
qwen3_8b,Sanchez21,Sanchez,5014,4,1.6094379124341003,17204,17076,79,0.004626376200515343,0.24038461538461542,0.057692307692307696,11,4,7
qwen3_8b,Sanchez21,Sanchez,5015,5,1.791759469228055,17204,17076,110,0.006441789646287187,0.15384615384615385,0.2923076923076923,10,8,2
qwen3_8b,Sanchez21,Sanchez,5016,10,2.3978952727983707,17204,17076,161,0.009428437573202155,0.38076923076923075,0.18076923076923077,13,5,8
qwen3_8b,Sanchez21,Sanchez,5017,6,1.9459101490553132,17204,17076,97,0.005680487233544156,0.3782051282051282,0.2948717948717949,15,11,4
qwen3_8b,Sanchez21,Sanchez,5018,14,2.70805020110221,17204,17076,202,0.011829468259545561,0.44505494505494503,0.17307692307692307,17,7,10
qwen3_8b,Sanchez21,Sanchez,5019,9,2.302585092994046,17204,17076,142,0.008315764816116187,0.3931623931623932,0.2863247863247863,13,10,3
qwen3_8b,Sanchez21,Sanchez,5020,6,1.9459101490553132,17204,17076,98,0.005739048957601312,0.3717948717948718,0.3076923076923077,11,14,-3
gemma3_4b,Sanchez21_down,Sanchez,5001,9,2.302585092994046,17204,17076,136,0.007964394471773249,0.41880341880341876,0.2564102564102564,8,9,-1
gemma3_4b,Sanchez21_down,Sanchez,5002,6,1.9459101490553132,17204,17076,90,0.005270555165144062,0.42307692307692313,0.5576923076923077,7,11,-4
gemma3_4b,Sanchez21_down,Sanchez,5003,8,2.1972245773362196,17204,17076,154,0.00901850550480206,0.2596153846153846,0.3076923076923077,8,7,1
gemma3_4b,Sanchez21_down,Sanchez,5004,3,1.3862943611198906,17204,17076,71,0.004157882408058093,0.08974358974358976,0.11538461538461539,10,5,5
gemma3_4b,Sanchez21_down,Sanchez,5005,5,1.791759469228055,17204,17076,99,0.005797610681658468,0.2384615384615385,0.3230769230769231,9,7,2
gemma3_4b,Sanchez21_down,Sanchez,5006,9,2.302585092994046,17204,17076,178,0.010423986882173811,0.23931623931623935,0.3034188034188034,9,5,4
gemma3_4b,Sanchez21_down,Sanchez,5007,5,1.791759469228055,17204,17076,99,0.005797610681658468,0.2384615384615385,0.34615384615384615,6,7,-1
gemma3_4b,Sanchez21_down,Sanchez,5008,9,2.302585092994046,17204,17076,148,0.008667135160459125,0.36752136752136755,0.11965811965811966,9,6,3
gemma3_4b,Sanchez21_down,Sanchez,5009,4,1.6094379124341003,17204,17076,71,0.004157882408058093,0.3173076923076923,0.18269230769230768,7,4,3
gemma3_4b,Sanchez21_down,Sanchez,5010,6,1.9459101490553132,17204,17076,107,0.006266104474115718,0.3141025641025641,0.2948717948717949,7,8,-1
gemma3_4b,Sanchez21_down,Sanchez,5011,10,2.3978952727983707,17204,17076,145,0.008491449988287655,0.4423076923076923,0.3923076923076923,6,9,-3
gemma3_4b,Sanchez21_down,Sanchez,5012,5,1.791759469228055,17204,17076,92,0.0053876786132583745,0.29230769230769227,0.11538461538461539,6,8,-2
gemma3_4b,Sanchez21_down,Sanchez,5013,8,2.1972245773362196,17204,17076,143,0.008374326540173343,0.3125,0.32211538461538464,7,11,-4
gemma3_4b,Sanchez21_down,Sanchez,5014,9,2.302585092994046,17204,17076,154,0.00901850550480206,0.3418803418803419,0.3803418803418803,9,7,2
gemma3_4b,Sanchez21_down,Sanchez,5015,6,1.9459101490553132,17204,17076,109,0.00638322792223003,0.3012820512820513,0.3974358974358974,8,10,-2
gemma3_4b,Sanchez21_down,Sanchez,5016,5,1.791759469228055,17204,17076,83,0.004860623096743968,0.3615384615384616,0.43846153846153846,6,8,-2
gemma3_4b,Sanchez21_down,Sanchez,5017,10,2.3978952727983707,17204,17076,178,0.010423986882173811,0.3153846153846154,0.3230769230769231,7,13,-6
gemma3_4b,Sanchez21_down,Sanchez,5018,9,2.302585092994046,17204,17076,142,0.008315764816116187,0.3931623931623932,0.39316239316239315,10,8,2
gemma3_4b,Sanchez21_down,Sanchez,5019,7,2.0794415416798357,17204,17076,135,0.007905832747716092,0.2582417582417582,0.25274725274725274,5,11,-6
gemma3_4b,Sanchez21_down,Sanchez,5020,4,1.6094379124341003,17204,17076,82,0.004802061372686812,0.21153846153846156,0.16346153846153846,3,8,-5
llama31_8b,Sanchez21_down,Sanchez,5001,3,1.3862943611198906,17204,17076,58,0.003396579995315062,0.2564102564102564,0.5641025641025641,8,3,5
llama31_8b,Sanchez21_down,Sanchez,5002,5,1.791759469228055,17204,17076,116,0.006793159990630124,0.10769230769230764,0.06153846153846154,7,18,-11
llama31_8b,Sanchez21_down,Sanchez,5003,6,1.9459101490553132,17204,17076,137,0.008022956195830405,0.1217948717948718,0.25,11,7,4
llama31_8b,Sanchez21_down,Sanchez,5004,12,2.5649493574615367,17204,17076,215,0.012590770672288592,0.3108974358974359,0.22115384615384615,4,14,-10
llama31_8b,Sanchez21_down,Sanchez,5005,6,1.9459101490553132,17204,17076,117,0.0068517217146872806,0.25,0.4230769230769231,11,7,4
llama31_8b,Sanchez21_down,Sanchez,5006,6,1.9459101490553132,17204,17076,123,0.007203092059030218,0.21153846153846156,0.27564102564102566,15,7,8
llama31_8b,Sanchez21_down,Sanchez,5007,10,2.3978952727983707,17204,17076,176,0.010306863434059498,0.32307692307692304,0.3384615384615385,11,8,3
llama31_8b,Sanchez21_down,Sanchez,5008,4,1.6094379124341003,17204,17076,84,0.004919184820801124,0.1923076923076923,0.6057692307692307,8,5,3
llama31_8b,Sanchez21_down,Sanchez,5009,10,2.3978952727983707,17204,17076,145,0.008491449988287655,0.4423076923076923,0.6961538461538461,11,11,0
llama31_8b,Sanchez21_down,Sanchez,5010,7,2.0794415416798357,17204,17076,161,0.009428437573202155,0.11538461538461542,0.054945054945054944,10,9,1
llama31_8b,Sanchez21_down,Sanchez,5011,6,1.9459101490553132,17204,17076,106,0.006207542750058562,0.3205128205128205,0.4166666666666667,6,11,-5
llama31_8b,Sanchez21_down,Sanchez,5012,8,2.1972245773362196,17204,17076,178,0.010423986882173811,0.14423076923076927,0.17307692307692307,13,15,-2
llama31_8b,Sanchez21_down,Sanchez,5013,3,1.3862943611198906,17204,17076,72,0.004216444132115249,0.07692307692307687,0.11538461538461539,9,6,3
llama31_8b,Sanchez21_down,Sanchez,5014,7,2.0794415416798357,17204,17076,143,0.008374326540173343,0.2142857142857143,0.25274725274725274,13,3,10
llama31_8b,Sanchez21_down,Sanchez,5015,5,1.791759469228055,17204,17076,126,0.007378777231201687,0.03076923076923077,0.4076923076923077,10,8,2
llama31_8b,Sanchez21_down,Sanchez,5016,1,0.6931471805599453,17204,17076,26,0.0015226048254860622,0.0,0.9615384615384616,8,6,2
llama31_8b,Sanchez21_down,Sanchez,5017,12,2.5649493574615367,17204,17076,119,0.006968845162801593,0.6185897435897436,0.7756410256410257,8,10,-2
llama31_8b,Sanchez21_down,Sanchez,5018,7,2.0794415416798357,17204,17076,160,0.009369875849144999,0.1208791208791209,0.4065934065934066,10,11,-1
llama31_8b,Sanchez21_down,Sanchez,5019,10,2.3978952727983707,17204,17076,151,0.008842820332630593,0.4192307692307692,0.6961538461538461,7,8,-1
llama31_8b,Sanchez21_down,Sanchez,5020,5,1.791759469228055,17204,17076,86,0.0050363082689154366,0.3384615384615385,0.5769230769230769,12,3,9
ministral8b,Sanchez21_down,Sanchez,5001,11,2.4849066497880004,17204,17076,181,0.01059967205434528,0.3671328671328671,0.4090909090909091,8,6,2
ministral8b,Sanchez21_down,Sanchez,5002,9,2.302585092994046,17204,17076,158,0.009252752401030686,0.32478632478632474,0.20512820512820512,8,10,-2
ministral8b,Sanchez21_down,Sanchez,5003,10,2.3978952727983707,17204,17076,162,0.009486999297259312,0.3769230769230769,0.2846153846153846,9,7,2
ministral8b,Sanchez21_down,Sanchez,5004,13,2.6390573296152584,17204,17076,211,0.012356523776059967,0.37573964497041423,0.4467455621301775,10,12,-2
ministral8b,Sanchez21_down,Sanchez,5005,9,2.302585092994046,17204,17076,143,0.008374326540173343,0.38888888888888884,0.5341880341880342,7,9,-2
ministral8b,Sanchez21_down,Sanchez,5006,10,2.3978952727983707,17204,17076,195,0.011419536191145467,0.25,0.5192307692307693,9,6,3
ministral8b,Sanchez21_down,Sanchez,5007,8,2.1972245773362196,17204,17076,121,0.007085968610915905,0.4182692307692307,0.20192307692307693,7,6,1
ministral8b,Sanchez21_down,Sanchez,5008,11,2.4849066497880004,17204,17076,126,0.007378777231201687,0.5594405594405594,0.493006993006993,20,11,9
ministral8b,Sanchez21_down,Sanchez,5009,13,2.6390573296152584,17204,17076,243,0.014230498945888967,0.28106508875739644,0.32840236686390534,14,9,5
ministral8b,Sanchez21_down,Sanchez,5010,11,2.4849066497880004,17204,17076,205,0.01200515343171703,0.28321678321678323,0.36713286713286714,10,6,4
ministral8b,Sanchez21_down,Sanchez,5011,11,2.4849066497880004,17204,17076,154,0.00901850550480206,0.46153846153846156,0.46153846153846156,7,7,0
ministral8b,Sanchez21_down,Sanchez,5012,10,2.3978952727983707,17204,17076,119,0.006968845162801593,0.5423076923076924,0.05384615384615385,5,3,2
ministral8b,Sanchez21_down,Sanchez,5013,11,2.4849066497880004,17204,17076,182,0.010658233778402436,0.36363636363636365,0.3041958041958042,8,6,2
ministral8b,Sanchez21_down,Sanchez,5014,11,2.4849066497880004,17204,17076,152,0.00890138205668775,0.46853146853146854,0.3986013986013986,6,12,-6
ministral8b,Sanchez21_down,Sanchez,5015,10,2.3978952727983707,17204,17076,141,0.00825720309205903,0.45769230769230773,0.4576923076923077,10,6,4
ministral8b,Sanchez21_down,Sanchez,5016,11,2.4849066497880004,17204,17076,181,0.01059967205434528,0.3671328671328671,0.5454545454545454,9,8,1
ministral8b,Sanchez21_down,Sanchez,5017,10,2.3978952727983707,17204,17076,170,0.009955493089716562,0.34615384615384615,0.2692307692307692,11,11,0
ministral8b,Sanchez21_down,Sanchez,5018,13,2.6390573296152584,17204,17076,193,0.011302412743031155,0.42899408284023666,0.48520710059171596,7,14,-7
ministral8b,Sanchez21_down,Sanchez,5019,9,2.302585092994046,17204,17076,141,0.00825720309205903,0.39743589743589747,0.1794871794871795,5,7,-2
ministral8b,Sanchez21_down,Sanchez,5020,10,2.3978952727983707,17204,17076,175,0.010248301710002343,0.32692307692307687,0.5307692307692308,9,10,-1
phi4_14b,Sanchez21_down,Sanchez,5001,10,2.3978952727983707,17204,17076,188,0.011009604122745374,0.27692307692307694,0.2,9,9,0
phi4_14b,Sanchez21_down,Sanchez,5002,10,2.3978952727983707,17204,17076,188,0.011009604122745374,0.27692307692307694,0.2153846153846154,6,10,-4
phi4_14b,Sanchez21_down,Sanchez,5003,8,2.1972245773362196,17204,17076,162,0.009486999297259312,0.22115384615384615,0.08653846153846154,5,10,-5
phi4_14b,Sanchez21_down,Sanchez,5004,10,2.3978952727983707,17204,17076,197,0.01153665963925978,0.24230769230769234,0.36538461538461536,14,5,9
phi4_14b,Sanchez21_down,Sanchez,5005,12,2.5649493574615367,17204,17076,246,0.014406184118060435,0.21153846153846156,0.14743589743589744,8,9,-1
phi4_14b,Sanchez21_down,Sanchez,5006,11,2.4849066497880004,17204,17076,229,0.01341063480908878,0.19930069930069927,0.0979020979020979,10,6,4
phi4_14b,Sanchez21_down,Sanchez,5007,9,2.302585092994046,17204,17076,162,0.009486999297259312,0.3076923076923077,0.24786324786324787,8,14,-6
phi4_14b,Sanchez21_down,Sanchez,5008,10,2.3978952727983707,17204,17076,215,0.012590770672288592,0.17307692307692313,0.03076923076923077,8,8,0
phi4_14b,Sanchez21_down,Sanchez,5009,11,2.4849066497880004,17204,17076,190,0.011126727570859685,0.3356643356643356,0.1993006993006993,6,7,-1
phi4_14b,Sanchez21_down,Sanchez,5010,8,2.1972245773362196,17204,17076,162,0.009486999297259312,0.22115384615384615,0.30288461538461536,9,7,2
phi4_14b,Sanchez21_down,Sanchez,5011,10,2.3978952727983707,17204,17076,188,0.011009604122745374,0.27692307692307694,0.27307692307692305,6,5,1
phi4_14b,Sanchez21_down,Sanchez,5012,9,2.302585092994046,17204,17076,162,0.009486999297259312,0.3076923076923077,0.24786324786324787,12,9,3
phi4_14b,Sanchez21_down,Sanchez,5013,10,2.3978952727983707,17204,17076,203,0.011888029983602718,0.21923076923076923,0.1576923076923077,7,8,-1
phi4_14b,Sanchez21_down,Sanchez,5014,11,2.4849066497880004,17204,17076,190,0.011126727570859685,0.3356643356643356,0.1993006993006993,12,8,4
phi4_14b,Sanchez21_down,Sanchez,5015,9,2.302585092994046,17204,17076,146,0.008550011712344811,0.37606837606837606,0.5897435897435898,12,8,4
phi4_14b,Sanchez21_down,Sanchez,5016,7,2.0794415416798357,17204,17076,138,0.008081517919887562,0.2417582417582418,0.06043956043956044,9,12,-3
phi4_14b,Sanchez21_down,Sanchez,5017,10,2.3978952727983707,17204,17076,188,0.011009604122745374,0.27692307692307694,0.27307692307692305,11,10,1
phi4_14b,Sanchez21_down,Sanchez,5018,6,1.9459101490553132,17204,17076,136,0.007964394471773249,0.1282051282051282,0.3525641025641026,5,11,-6
phi4_14b,Sanchez21_down,Sanchez,5019,9,2.302585092994046,17204,17076,176,0.010306863434059498,0.24786324786324787,0.1794871794871795,14,6,8
phi4_14b,Sanchez21_down,Sanchez,5020,10,2.3978952727983707,17204,17076,188,0.011009604122745374,0.27692307692307694,0.27307692307692305,5,8,-3
qwen25_7b,Sanchez21_down,Sanchez,5001,11,2.4849066497880004,17204,17076,200,0.011712344811431248,0.30069930069930073,0.2727272727272727,5,9,-4
qwen25_7b,Sanchez21_down,Sanchez,5002,14,2.70805020110221,17204,17076,277,0.01622159756383228,0.23901098901098905,0.21153846153846154,5,14,-9
qwen25_7b,Sanchez21_down,Sanchez,5003,14,2.70805020110221,17204,17076,228,0.013352073085031623,0.37362637362637363,0.18956043956043955,4,6,-2
qwen25_7b,Sanchez21_down,Sanchez,5004,10,2.3978952727983707,17204,17076,175,0.010248301710002343,0.32692307692307687,0.09615384615384616,8,3,5
qwen25_7b,Sanchez21_down,Sanchez,5005,8,2.1972245773362196,17204,17076,142,0.008315764816116187,0.3173076923076923,0.375,8,4,4
qwen25_7b,Sanchez21_down,Sanchez,5006,9,2.302585092994046,17204,17076,165,0.00966268446943078,0.2948717948717948,0.16666666666666666,9,9,0
qwen25_7b,Sanchez21_down,Sanchez,5007,17,2.8903717578961645,17204,17076,242,0.01417193722183181,0.4524886877828054,0.20135746606334842,5,4,1
qwen25_7b,Sanchez21_down,Sanchez,5008,8,2.1972245773362196,17204,17076,173,0.01013117826188803,0.16826923076923073,0.33653846153846156,8,4,4
qwen25_7b,Sanchez21_down,Sanchez,5009,10,2.3978952727983707,17204,17076,201,0.011770906535488405,0.2269230769230769,0.13076923076923078,10,1,9
qwen25_7b,Sanchez21_down,Sanchez,5010,13,2.6390573296152584,17204,17076,242,0.01417193722183181,0.28402366863905326,0.17751479289940827,6,7,-1
qwen25_7b,Sanchez21_down,Sanchez,5011,7,2.0794415416798357,17204,17076,126,0.007378777231201687,0.3076923076923077,0.5054945054945055,14,4,10
qwen25_7b,Sanchez21_down,Sanchez,5012,9,2.302585092994046,17204,17076,194,0.011360974467088312,0.1709401709401709,0.15384615384615385,9,4,5
qwen25_7b,Sanchez21_down,Sanchez,5013,10,2.3978952727983707,17204,17076,173,0.01013117826188803,0.33461538461538465,0.2692307692307692,6,4,2
qwen25_7b,Sanchez21_down,Sanchez,5014,13,2.6390573296152584,17204,17076,175,0.010248301710002343,0.4822485207100592,0.34023668639053256,5,5,0
qwen25_7b,Sanchez21_down,Sanchez,5015,8,2.1972245773362196,17204,17076,142,0.008315764816116187,0.3173076923076923,0.375,7,7,0
qwen25_7b,Sanchez21_down,Sanchez,5016,9,2.302585092994046,17204,17076,164,0.009604122745373624,0.2991452991452992,0.3034188034188034,8,6,2
qwen25_7b,Sanchez21_down,Sanchez,5017,10,2.3978952727983707,17204,17076,173,0.01013117826188803,0.33461538461538465,0.2692307692307692,11,4,7
qwen25_7b,Sanchez21_down,Sanchez,5018,13,2.6390573296152584,17204,17076,217,0.012707894120402905,0.3579881656804734,0.15088757396449703,11,5,6
qwen25_7b,Sanchez21_down,Sanchez,5019,12,2.5649493574615367,17204,17076,190,0.011126727570859685,0.3910256410256411,0.15384615384615385,7,7,0
qwen25_7b,Sanchez21_down,Sanchez,5020,7,2.0794415416798357,17204,17076,132,0.007730147575544624,0.27472527472527475,0.3021978021978022,6,9,-3
qwen3_8b,Sanchez21_down,Sanchez,5001,11,2.4849066497880004,17204,17076,110,0.006441789646287187,0.6153846153846154,0.46853146853146854,6,8,-2
qwen3_8b,Sanchez21_down,Sanchez,5002,4,1.6094379124341003,17204,17076,89,0.0052119934410869055,0.14423076923076927,0.40384615384615385,8,6,2
qwen3_8b,Sanchez21_down,Sanchez,5003,10,2.3978952727983707,17204,17076,171,0.010014054813773718,0.3423076923076923,0.49230769230769234,8,5,3
qwen3_8b,Sanchez21_down,Sanchez,5004,8,2.1972245773362196,17204,17076,131,0.007671585851487468,0.3701923076923077,0.5288461538461539,9,12,-3
qwen3_8b,Sanchez21_down,Sanchez,5005,13,2.6390573296152584,17204,17076,193,0.011302412743031155,0.42899408284023666,0.20710059171597633,13,11,2
qwen3_8b,Sanchez21_down,Sanchez,5006,10,2.3978952727983707,17204,17076,190,0.011126727570859685,0.2692307692307693,0.3269230769230769,10,4,6
qwen3_8b,Sanchez21_down,Sanchez,5007,9,2.302585092994046,17204,17076,121,0.007085968610915905,0.48290598290598286,0.3034188034188034,11,10,1
qwen3_8b,Sanchez21_down,Sanchez,5008,10,2.3978952727983707,17204,17076,168,0.009838369641602248,0.3538461538461538,0.45,7,6,1
qwen3_8b,Sanchez21_down,Sanchez,5009,10,2.3978952727983707,17204,17076,170,0.009955493089716562,0.34615384615384615,0.4807692307692308,8,4,4
qwen3_8b,Sanchez21_down,Sanchez,5010,7,2.0794415416798357,17204,17076,141,0.00825720309205903,0.22527472527472525,0.4945054945054945,6,13,-7
qwen3_8b,Sanchez21_down,Sanchez,5011,10,2.3978952727983707,17204,17076,168,0.009838369641602248,0.3538461538461538,0.4461538461538462,9,6,3
qwen3_8b,Sanchez21_down,Sanchez,5012,10,2.3978952727983707,17204,17076,166,0.009721246193487937,0.3615384615384616,0.3384615384615385,10,6,4
qwen3_8b,Sanchez21_down,Sanchez,5013,10,2.3978952727983707,17204,17076,168,0.009838369641602248,0.3538461538461538,0.45,2,5,-3
qwen3_8b,Sanchez21_down,Sanchez,5014,7,2.0794415416798357,17204,17076,124,0.007261653783087374,0.31868131868131866,0.6263736263736264,10,12,-2
qwen3_8b,Sanchez21_down,Sanchez,5015,13,2.6390573296152584,17204,17076,101,0.005914734129772781,0.7011834319526626,0.6183431952662722,8,7,1
qwen3_8b,Sanchez21_down,Sanchez,5016,6,1.9459101490553132,17204,17076,121,0.007085968610915905,0.22435897435897434,0.3525641025641026,6,5,1
qwen3_8b,Sanchez21_down,Sanchez,5017,9,2.302585092994046,17204,17076,157,0.00919419067697353,0.3290598290598291,0.4230769230769231,10,7,3
qwen3_8b,Sanchez21_down,Sanchez,5018,16,2.833213344056216,17204,17076,180,0.010541110330288124,0.5673076923076923,0.1971153846153846,8,6,2
qwen3_8b,Sanchez21_down,Sanchez,5019,13,2.6390573296152584,17204,17076,245,0.014347622394003279,0.2751479289940828,0.15088757396449703,13,12,1
qwen3_8b,Sanchez21_down,Sanchez,5020,13,2.6390573296152584,17204,17076,188,0.011009604122745374,0.44378698224852076,0.26627218934911245,10,5,5
gemma3_4b,Steinhart_crispra_GD2_D22,CAR-T,5001,1,0.6931471805599453,17608,17480,26,0.0014874141876430205,0.0,0.3076923076923077,1,1,0
gemma3_4b,Steinhart_crispra_GD2_D22,CAR-T,5002,0,0.0,17608,17480,0,0.0,0.0,0.0,2,1,1
gemma3_4b,Steinhart_crispra_GD2_D22,CAR-T,5003,1,0.6931471805599453,17608,17480,26,0.0014874141876430205,0.0,0.9230769230769231,2,1,1
gemma3_4b,Steinhart_crispra_GD2_D22,CAR-T,5004,1,0.6931471805599453,17608,17480,26,0.0014874141876430205,0.0,0.9615384615384616,0,1,-1
gemma3_4b,Steinhart_crispra_GD2_D22,CAR-T,5005,1,0.6931471805599453,17608,17480,26,0.0014874141876430205,0.0,0.9615384615384616,0,0,0
gemma3_4b,Steinhart_crispra_GD2_D22,CAR-T,5006,2,1.0986122886681098,17608,17480,52,0.002974828375286041,0.0,0.4807692307692308,0,1,-1
gemma3_4b,Steinhart_crispra_GD2_D22,CAR-T,5007,1,0.6931471805599453,17608,17480,26,0.0014874141876430205,0.0,0.9615384615384616,0,0,0
gemma3_4b,Steinhart_crispra_GD2_D22,CAR-T,5008,2,1.0986122886681098,17608,17480,52,0.002974828375286041,0.0,0.4807692307692308,0,3,-3
gemma3_4b,Steinhart_crispra_GD2_D22,CAR-T,5009,2,1.0986122886681098,17608,17480,41,0.002345537757437071,0.21153846153846156,0.9807692307692307,1,2,-1
gemma3_4b,Steinhart_crispra_GD2_D22,CAR-T,5010,1,0.6931471805599453,17608,17480,26,0.0014874141876430205,0.0,1.0,4,1,3
gemma3_4b,Steinhart_crispra_GD2_D22,CAR-T,5011,1,0.6931471805599453,17608,17480,26,0.0014874141876430205,0.0,0.0,0,2,-2
gemma3_4b,Steinhart_crispra_GD2_D22,CAR-T,5012,1,0.6931471805599453,17608,17480,26,0.0014874141876430205,0.0,0.9615384615384616,0,2,-2
gemma3_4b,Steinhart_crispra_GD2_D22,CAR-T,5013,4,1.6094379124341003,17608,17480,91,0.005205949656750572,0.125,0.3942307692307692,0,1,-1
gemma3_4b,Steinhart_crispra_GD2_D22,CAR-T,5014,3,1.3862943611198906,17608,17480,58,0.003318077803203661,0.2564102564102564,0.5256410256410257,1,0,1
gemma3_4b,Steinhart_crispra_GD2_D22,CAR-T,5015,1,0.6931471805599453,17608,17480,26,0.0014874141876430205,0.0,0.5384615384615384,2,2,0
gemma3_4b,Steinhart_crispra_GD2_D22,CAR-T,5016,2,1.0986122886681098,17608,17480,52,0.002974828375286041,0.0,0.3076923076923077,1,0,1
gemma3_4b,Steinhart_crispra_GD2_D22,CAR-T,5017,2,1.0986122886681098,17608,17480,52,0.002974828375286041,0.0,0.4807692307692308,1,1,0
gemma3_4b,Steinhart_crispra_GD2_D22,CAR-T,5018,1,0.6931471805599453,17608,17480,26,0.0014874141876430205,0.0,0.9230769230769231,1,2,-1
gemma3_4b,Steinhart_crispra_GD2_D22,CAR-T,5019,1,0.6931471805599453,17608,17480,26,0.0014874141876430205,0.0,0.38461538461538464,2,2,0
gemma3_4b,Steinhart_crispra_GD2_D22,CAR-T,5020,2,1.0986122886681098,17608,17480,47,0.002688787185354691,0.09615384615384615,0.4230769230769231,1,1,0
llama31_8b,Steinhart_crispra_GD2_D22,CAR-T,5001,3,1.3862943611198906,17608,17480,60,0.003432494279176201,0.23076923076923073,0.6794871794871795,0,0,0
llama31_8b,Steinhart_crispra_GD2_D22,CAR-T,5002,1,0.6931471805599453,17608,17480,26,0.0014874141876430205,0.0,0.038461538461538464,1,1,0
llama31_8b,Steinhart_crispra_GD2_D22,CAR-T,5003,1,0.6931471805599453,17608,17480,26,0.0014874141876430205,0.0,0.2692307692307692,3,3,0
llama31_8b,Steinhart_crispra_GD2_D22,CAR-T,5004,3,1.3862943611198906,17608,17480,58,0.003318077803203661,0.2564102564102564,0.3974358974358974,2,3,-1
llama31_8b,Steinhart_crispra_GD2_D22,CAR-T,5005,3,1.3862943611198906,17608,17480,62,0.0035469107551487416,0.20512820512820518,0.6410256410256411,0,2,-2
llama31_8b,Steinhart_crispra_GD2_D22,CAR-T,5006,4,1.6094379124341003,17608,17480,101,0.005778032036613272,0.028846153846153855,0.2692307692307692,0,0,0
llama31_8b,Steinhart_crispra_GD2_D22,CAR-T,5007,3,1.3862943611198906,17608,17480,58,0.003318077803203661,0.2564102564102564,0.3974358974358974,0,1,-1
llama31_8b,Steinhart_crispra_GD2_D22,CAR-T,5008,1,0.6931471805599453,17608,17480,26,0.0014874141876430205,0.0,0.4230769230769231,1,0,1
llama31_8b,Steinhart_crispra_GD2_D22,CAR-T,5009,0,0.0,17608,17480,0,0.0,0.0,0.0,2,1,1
llama31_8b,Steinhart_crispra_GD2_D22,CAR-T,5010,2,1.0986122886681098,17608,17480,40,0.002288329519450801,0.23076923076923073,0.3269230769230769,1,0,1
llama31_8b,Steinhart_crispra_GD2_D22,CAR-T,5011,2,1.0986122886681098,17608,17480,33,0.0018878718535469108,0.3653846153846154,0.6346153846153846,0,0,0
llama31_8b,Steinhart_crispra_GD2_D22,CAR-T,5012,0,0.0,17608,17480,0,0.0,0.0,0.0,1,1,0
llama31_8b,Steinhart_crispra_GD2_D22,CAR-T,5013,0,0.0,17608,17480,0,0.0,0.0,0.0,2,0,2
llama31_8b,Steinhart_crispra_GD2_D22,CAR-T,5014,4,1.6094379124341003,17608,17480,67,0.0038329519450800917,0.3557692307692307,0.5384615384615384,0,0,0
llama31_8b,Steinhart_crispra_GD2_D22,CAR-T,5015,2,1.0986122886681098,17608,17480,36,0.002059496567505721,0.3076923076923077,0.8846153846153846,2,0,2
llama31_8b,Steinhart_crispra_GD2_D22,CAR-T,5016,3,1.3862943611198906,17608,17480,65,0.0037185354691075517,0.16666666666666663,0.6410256410256411,2,0,2
llama31_8b,Steinhart_crispra_GD2_D22,CAR-T,5017,2,1.0986122886681098,17608,17480,36,0.002059496567505721,0.3076923076923077,0.8846153846153846,0,1,-1
llama31_8b,Steinhart_crispra_GD2_D22,CAR-T,5018,2,1.0986122886681098,17608,17480,45,0.002574370709382151,0.13461538461538458,0.6153846153846154,0,1,-1
llama31_8b,Steinhart_crispra_GD2_D22,CAR-T,5019,2,1.0986122886681098,17608,17480,52,0.002974828375286041,0.0,0.3076923076923077,2,2,0
llama31_8b,Steinhart_crispra_GD2_D22,CAR-T,5020,3,1.3862943611198906,17608,17480,63,0.0036041189931350116,0.1923076923076923,0.6025641025641025,2,1,1
ministral8b,Steinhart_crispra_GD2_D22,CAR-T,5001,2,1.0986122886681098,17608,17480,33,0.0018878718535469108,0.3653846153846154,0.8846153846153846,3,0,3
ministral8b,Steinhart_crispra_GD2_D22,CAR-T,5002,0,0.0,17608,17480,0,0.0,0.0,0.0,4,0,4
ministral8b,Steinhart_crispra_GD2_D22,CAR-T,5003,0,0.0,17608,17480,0,0.0,0.0,0.0,0,3,-3
ministral8b,Steinhart_crispra_GD2_D22,CAR-T,5004,0,0.0,17608,17480,0,0.0,0.0,0.0,2,0,2
ministral8b,Steinhart_crispra_GD2_D22,CAR-T,5005,3,1.3862943611198906,17608,17480,58,0.003318077803203661,0.2564102564102564,0.38461538461538464,1,1,0
ministral8b,Steinhart_crispra_GD2_D22,CAR-T,5006,1,0.6931471805599453,17608,17480,26,0.0014874141876430205,0.0,0.038461538461538464,2,3,-1
ministral8b,Steinhart_crispra_GD2_D22,CAR-T,5007,0,0.0,17608,17480,0,0.0,0.0,0.0,1,1,0
ministral8b,Steinhart_crispra_GD2_D22,CAR-T,5008,2,1.0986122886681098,17608,17480,51,0.002917620137299771,0.019230769230769273,0.21153846153846154,1,1,0
ministral8b,Steinhart_crispra_GD2_D22,CAR-T,5009,0,0.0,17608,17480,0,0.0,0.0,0.0,1,3,-2
ministral8b,Steinhart_crispra_GD2_D22,CAR-T,5010,0,0.0,17608,17480,0,0.0,0.0,0.0,4,1,3
ministral8b,Steinhart_crispra_GD2_D22,CAR-T,5011,1,0.6931471805599453,17608,17480,26,0.0014874141876430205,0.0,0.038461538461538464,1,1,0
ministral8b,Steinhart_crispra_GD2_D22,CAR-T,5012,3,1.3862943611198906,17608,17480,58,0.003318077803203661,0.2564102564102564,0.3717948717948718,1,2,-1
ministral8b,Steinhart_crispra_GD2_D22,CAR-T,5013,3,1.3862943611198906,17608,17480,58,0.003318077803203661,0.2564102564102564,0.07692307692307693,2,2,0
ministral8b,Steinhart_crispra_GD2_D22,CAR-T,5014,0,0.0,17608,17480,0,0.0,0.0,0.0,1,0,1
ministral8b,Steinhart_crispra_GD2_D22,CAR-T,5015,1,0.6931471805599453,17608,17480,26,0.0014874141876430205,0.0,0.07692307692307693,2,1,1
ministral8b,Steinhart_crispra_GD2_D22,CAR-T,5016,1,0.6931471805599453,17608,17480,26,0.0014874141876430205,0.0,0.9230769230769231,1,2,-1
ministral8b,Steinhart_crispra_GD2_D22,CAR-T,5017,1,0.6931471805599453,17608,17480,26,0.0014874141876430205,0.0,1.0,3,0,3
ministral8b,Steinhart_crispra_GD2_D22,CAR-T,5018,2,1.0986122886681098,17608,17480,43,0.002459954233409611,0.17307692307692313,0.11538461538461539,1,3,-2
ministral8b,Steinhart_crispra_GD2_D22,CAR-T,5019,0,0.0,17608,17480,0,0.0,0.0,0.0,0,0,0
ministral8b,Steinhart_crispra_GD2_D22,CAR-T,5020,0,0.0,17608,17480,0,0.0,0.0,0.0,0,1,-1
phi4_14b,Steinhart_crispra_GD2_D22,CAR-T,5001,2,1.0986122886681098,17608,17480,52,0.002974828375286041,0.0,0.5192307692307693,2,0,2
phi4_14b,Steinhart_crispra_GD2_D22,CAR-T,5002,0,0.0,17608,17480,0,0.0,0.0,0.0,0,1,-1
phi4_14b,Steinhart_crispra_GD2_D22,CAR-T,5003,3,1.3862943611198906,17608,17480,62,0.0035469107551487416,0.20512820512820518,0.6153846153846154,0,0,0
phi4_14b,Steinhart_crispra_GD2_D22,CAR-T,5004,2,1.0986122886681098,17608,17480,52,0.002974828375286041,0.0,0.5192307692307693,2,0,2
phi4_14b,Steinhart_crispra_GD2_D22,CAR-T,5005,3,1.3862943611198906,17608,17480,47,0.002688787185354691,0.39743589743589747,0.9358974358974359,0,0,0
phi4_14b,Steinhart_crispra_GD2_D22,CAR-T,5006,3,1.3862943611198906,17608,17480,61,0.0034897025171624716,0.21794871794871795,0.6282051282051282,1,0,1
phi4_14b,Steinhart_crispra_GD2_D22,CAR-T,5007,2,1.0986122886681098,17608,17480,38,0.002173913043478261,0.2692307692307693,0.9038461538461539,4,2,2
phi4_14b,Steinhart_crispra_GD2_D22,CAR-T,5008,2,1.0986122886681098,17608,17480,51,0.002917620137299771,0.019230769230769273,0.057692307692307696,2,1,1
phi4_14b,Steinhart_crispra_GD2_D22,CAR-T,5009,1,0.6931471805599453,17608,17480,26,0.0014874141876430205,0.0,0.038461538461538464,1,1,0
phi4_14b,Steinhart_crispra_GD2_D22,CAR-T,5010,0,0.0,17608,17480,0,0.0,0.0,0.0,2,0,2
phi4_14b,Steinhart_crispra_GD2_D22,CAR-T,5011,2,1.0986122886681098,17608,17480,34,0.0019450800915331808,0.34615384615384615,0.7307692307692307,0,0,0
phi4_14b,Steinhart_crispra_GD2_D22,CAR-T,5012,3,1.3862943611198906,17608,17480,62,0.0035469107551487416,0.20512820512820518,0.6666666666666666,0,0,0
phi4_14b,Steinhart_crispra_GD2_D22,CAR-T,5013,0,0.0,17608,17480,0,0.0,0.0,0.0,2,2,0
phi4_14b,Steinhart_crispra_GD2_D22,CAR-T,5014,1,0.6931471805599453,17608,17480,26,0.0014874141876430205,0.0,0.07692307692307693,1,1,0
phi4_14b,Steinhart_crispra_GD2_D22,CAR-T,5015,3,1.3862943611198906,17608,17480,49,0.002803203661327231,0.3717948717948718,0.9615384615384616,2,1,1
phi4_14b,Steinhart_crispra_GD2_D22,CAR-T,5016,3,1.3862943611198906,17608,17480,59,0.003375286041189931,0.2435897435897436,0.44871794871794873,1,1,0
phi4_14b,Steinhart_crispra_GD2_D22,CAR-T,5017,1,0.6931471805599453,17608,17480,26,0.0014874141876430205,0.0,0.07692307692307693,0,1,-1
phi4_14b,Steinhart_crispra_GD2_D22,CAR-T,5018,2,1.0986122886681098,17608,17480,52,0.002974828375286041,0.0,0.23076923076923078,0,0,0
phi4_14b,Steinhart_crispra_GD2_D22,CAR-T,5019,1,0.6931471805599453,17608,17480,26,0.0014874141876430205,0.0,0.038461538461538464,0,1,-1
phi4_14b,Steinhart_crispra_GD2_D22,CAR-T,5020,2,1.0986122886681098,17608,17480,33,0.0018878718535469108,0.3653846153846154,0.6346153846153846,0,2,-2
qwen25_7b,Steinhart_crispra_GD2_D22,CAR-T,5001,2,1.0986122886681098,17608,17480,52,0.002974828375286041,0.0,0.07692307692307693,2,1,1
qwen25_7b,Steinhart_crispra_GD2_D22,CAR-T,5002,4,1.6094379124341003,17608,17480,74,0.004233409610983982,0.28846153846153844,0.7980769230769231,3,1,2
qwen25_7b,Steinhart_crispra_GD2_D22,CAR-T,5003,3,1.3862943611198906,17608,17480,65,0.0037185354691075517,0.16666666666666663,0.7435897435897436,4,1,3
qwen25_7b,Steinhart_crispra_GD2_D22,CAR-T,5004,3,1.3862943611198906,17608,17480,69,0.003947368421052632,0.11538461538461542,0.7692307692307693,4,1,3
qwen25_7b,Steinhart_crispra_GD2_D22,CAR-T,5005,2,1.0986122886681098,17608,17480,40,0.002288329519450801,0.23076923076923073,1.0,2,1,1
qwen25_7b,Steinhart_crispra_GD2_D22,CAR-T,5006,2,1.0986122886681098,17608,17480,39,0.002231121281464531,0.25,0.75,2,1,1
qwen25_7b,Steinhart_crispra_GD2_D22,CAR-T,5007,3,1.3862943611198906,17608,17480,69,0.003947368421052632,0.11538461538461542,0.7692307692307693,4,1,3
qwen25_7b,Steinhart_crispra_GD2_D22,CAR-T,5008,2,1.0986122886681098,17608,17480,38,0.002173913043478261,0.2692307692307693,0.7884615384615384,6,1,5
qwen25_7b,Steinhart_crispra_GD2_D22,CAR-T,5009,2,1.0986122886681098,17608,17480,40,0.002288329519450801,0.23076923076923073,1.0,2,2,0
qwen25_7b,Steinhart_crispra_GD2_D22,CAR-T,5010,0,0.0,17608,17480,0,0.0,0.0,0.0,2,3,-1
qwen25_7b,Steinhart_crispra_GD2_D22,CAR-T,5011,2,1.0986122886681098,17608,17480,52,0.002974828375286041,0.0,0.07692307692307693,2,1,1
qwen25_7b,Steinhart_crispra_GD2_D22,CAR-T,5012,3,1.3862943611198906,17608,17480,65,0.0037185354691075517,0.16666666666666663,0.6666666666666666,2,1,1
qwen25_7b,Steinhart_crispra_GD2_D22,CAR-T,5013,2,1.0986122886681098,17608,17480,44,0.002517162471395881,0.15384615384615385,0.5769230769230769,1,0,1
qwen25_7b,Steinhart_crispra_GD2_D22,CAR-T,5014,3,1.3862943611198906,17608,17480,62,0.0035469107551487416,0.20512820512820518,0.6794871794871795,2,1,1
qwen25_7b,Steinhart_crispra_GD2_D22,CAR-T,5015,4,1.6094379124341003,17608,17480,92,0.005263157894736842,0.11538461538461542,0.5480769230769231,3,3,0
qwen25_7b,Steinhart_crispra_GD2_D22,CAR-T,5016,2,1.0986122886681098,17608,17480,40,0.002288329519450801,0.23076923076923073,1.0,1,3,-2
qwen25_7b,Steinhart_crispra_GD2_D22,CAR-T,5017,1,0.6931471805599453,17608,17480,26,0.0014874141876430205,0.0,0.038461538461538464,1,2,-1
qwen25_7b,Steinhart_crispra_GD2_D22,CAR-T,5018,1,0.6931471805599453,17608,17480,26,0.0014874141876430205,0.0,0.3076923076923077,2,0,2
qwen25_7b,Steinhart_crispra_GD2_D22,CAR-T,5019,3,1.3862943611198906,17608,17480,62,0.0035469107551487416,0.20512820512820518,0.6794871794871795,2,1,1
qwen25_7b,Steinhart_crispra_GD2_D22,CAR-T,5020,3,1.3862943611198906,17608,17480,78,0.004462242562929062,0.0,0.358974358974359,1,0,1
qwen3_8b,Steinhart_crispra_GD2_D22,CAR-T,5001,1,0.6931471805599453,17608,17480,26,0.0014874141876430205,0.0,0.11538461538461539,1,1,0
qwen3_8b,Steinhart_crispra_GD2_D22,CAR-T,5002,1,0.6931471805599453,17608,17480,26,0.0014874141876430205,0.0,0.0,1,0,1
qwen3_8b,Steinhart_crispra_GD2_D22,CAR-T,5003,2,1.0986122886681098,17608,17480,49,0.002803203661327231,0.05769230769230771,0.019230769230769232,1,1,0
qwen3_8b,Steinhart_crispra_GD2_D22,CAR-T,5004,1,0.6931471805599453,17608,17480,26,0.0014874141876430205,0.0,0.11538461538461539,1,4,-3
qwen3_8b,Steinhart_crispra_GD2_D22,CAR-T,5005,1,0.6931471805599453,17608,17480,26,0.0014874141876430205,0.0,0.0,2,1,1
qwen3_8b,Steinhart_crispra_GD2_D22,CAR-T,5006,0,0.0,17608,17480,0,0.0,0.0,0.0,2,3,-1
qwen3_8b,Steinhart_crispra_GD2_D22,CAR-T,5007,0,0.0,17608,17480,0,0.0,0.0,0.0,3,0,3
qwen3_8b,Steinhart_crispra_GD2_D22,CAR-T,5008,1,0.6931471805599453,17608,17480,26,0.0014874141876430205,0.0,0.038461538461538464,0,3,-3
qwen3_8b,Steinhart_crispra_GD2_D22,CAR-T,5009,1,0.6931471805599453,17608,17480,26,0.0014874141876430205,0.0,0.15384615384615385,1,1,0
qwen3_8b,Steinhart_crispra_GD2_D22,CAR-T,5010,1,0.6931471805599453,17608,17480,26,0.0014874141876430205,0.0,0.038461538461538464,1,1,0
qwen3_8b,Steinhart_crispra_GD2_D22,CAR-T,5011,1,0.6931471805599453,17608,17480,26,0.0014874141876430205,0.0,0.11538461538461539,1,3,-2
qwen3_8b,Steinhart_crispra_GD2_D22,CAR-T,5012,1,0.6931471805599453,17608,17480,26,0.0014874141876430205,0.0,0.0,2,0,2
qwen3_8b,Steinhart_crispra_GD2_D22,CAR-T,5013,1,0.6931471805599453,17608,17480,26,0.0014874141876430205,0.0,0.038461538461538464,0,1,-1
qwen3_8b,Steinhart_crispra_GD2_D22,CAR-T,5014,1,0.6931471805599453,17608,17480,26,0.0014874141876430205,0.0,0.34615384615384615,3,3,0
qwen3_8b,Steinhart_crispra_GD2_D22,CAR-T,5015,1,0.6931471805599453,17608,17480,26,0.0014874141876430205,0.0,0.5,3,2,1
qwen3_8b,Steinhart_crispra_GD2_D22,CAR-T,5016,1,0.6931471805599453,17608,17480,26,0.0014874141876430205,0.0,0.0,2,1,1
qwen3_8b,Steinhart_crispra_GD2_D22,CAR-T,5017,0,0.0,17608,17480,0,0.0,0.0,0.0,2,0,2
qwen3_8b,Steinhart_crispra_GD2_D22,CAR-T,5018,1,0.6931471805599453,17608,17480,26,0.0014874141876430205,0.0,0.5,1,4,-3
qwen3_8b,Steinhart_crispra_GD2_D22,CAR-T,5019,3,1.3862943611198906,17608,17480,65,0.0037185354691075517,0.16666666666666663,0.6666666666666666,0,1,-1
qwen3_8b,Steinhart_crispra_GD2_D22,CAR-T,5020,0,0.0,17608,17480,0,0.0,0.0,0.0,2,0,2
